season,State,District,original_total_ha,optimized_total_ha,delta_ha,abs_delta_ha
kharif,andaman and nicobar,nicobars,1.0,1.0,0.0,0.0
kharif,andaman and nicobar,north and middle andaman,5099.8,5099.8,0.0,0.0
kharif,andaman and nicobar,south andamans,239.75,239.75,0.0,0.0
kharif,andhra pradesh,anantapur,56601.0,56601.0,0.0,0.0
kharif,andhra pradesh,chittoor,24780.0,24780.0,0.0,0.0
kharif,andhra pradesh,east godavari,226201.0,226201.0,0.0,0.0
kharif,andhra pradesh,guntur,185915.0,185915.0,0.0,0.0
kharif,andhra pradesh,kadapa,41466.0,41466.0,0.0,0.0
kharif,andhra pradesh,krishna,241288.0,241288.0,0.0,0.0
kharif,andhra pradesh,kurnool,113169.0,113169.0,0.0,0.0
kharif,andhra pradesh,nellore,21184.0,21184.0,0.0,0.0
kharif,andhra pradesh,prakasam,47161.0,47161.0,0.0,0.0
kharif,andhra pradesh,spsr nellore,1953.0,1953.0,0.0,0.0
kharif,andhra pradesh,srikakulam,222369.0,222369.0,0.0,0.0
kharif,andhra pradesh,visakhapatanam,24517.0,24517.0,0.0,0.0
kharif,andhra pradesh,visakhapatnam,104922.0,104922.0,0.0,0.0
kharif,andhra pradesh,vizianagaram,142675.0,142675.0,0.0,0.0
kharif,andhra pradesh,west godavari,229687.0,229687.0,0.0,0.0
kharif,arunachal pradesh,anjaw,5138.0,5138.0,0.0,0.0
kharif,arunachal pradesh,changlang,10513.0,10513.0,0.0,0.0
kharif,arunachal pradesh,dibang valley,3780.0,3780.0,0.0,0.0
kharif,arunachal pradesh,east kameng,11940.0,11940.0,0.0,0.0
kharif,arunachal pradesh,east siang,14907.0,14907.0,0.0,0.0
kharif,arunachal pradesh,kra daadi,876.0,876.0,0.0,0.0
kharif,arunachal pradesh,kurung kumey,835.0,835.0,0.0,0.0
kharif,arunachal pradesh,lohit,8863.0,8863.0,0.0,0.0
kharif,arunachal pradesh,longding,4738.0,4738.0,0.0,0.0
kharif,arunachal pradesh,lower dibang valley,23097.0,23097.0,0.0,0.0
kharif,arunachal pradesh,lower subansiri,8975.0,8975.0,0.0,0.0
kharif,arunachal pradesh,namsai,15003.0,15003.0,0.0,0.0
kharif,arunachal pradesh,papum pare,14616.0,14616.0,0.0,0.0
kharif,arunachal pradesh,siang,9875.0,9875.0,0.0,0.0
kharif,arunachal pradesh,tawang,1793.0,1793.0,0.0,0.0
kharif,arunachal pradesh,tirap,6853.0,6853.0,0.0,0.0
kharif,arunachal pradesh,upper siang,8461.0,8461.0,0.0,0.0
kharif,arunachal pradesh,upper subansiri,6453.0,6453.0,0.0,0.0
kharif,arunachal pradesh,west kameng,4001.0,4001.0,0.0,0.0
kharif,arunachal pradesh,west siang,22080.0,22080.0,0.0,0.0
kharif,assam,baksa,96560.0,96560.0,0.0,0.0
kharif,assam,barpeta,77989.0,77989.0,0.0,0.0
kharif,assam,bongaigaon,41039.0,41039.0,0.0,0.0
kharif,assam,cachar,102293.0,102293.0,0.0,0.0
kharif,assam,chirang,40644.0,40644.0,0.0,0.0
kharif,assam,darrang,60457.0,60457.0,0.0,0.0
kharif,assam,dhemaji,65673.0,65673.0,0.0,0.0
kharif,assam,dhubri,37964.0,37964.0,0.0,0.0
kharif,assam,dibrugarh,77846.0,77846.0,0.0,0.0
kharif,assam,dima hasao,17245.0,17245.0,0.0,0.0
kharif,assam,goalpara,56932.0,56932.0,0.0,0.0
kharif,assam,golaghat,117852.0,117852.0,0.0,0.0
kharif,assam,hailakandi,42986.0,42986.0,0.0,0.0
kharif,assam,jorhat,96775.0,96775.0,0.0,0.0
kharif,assam,kamrup,85647.0,85647.0,0.0,0.0
kharif,assam,kamrup metro,71.0,71.0,0.0,0.0
kharif,assam,karbi anglong,139167.0,139167.0,0.0,0.0
kharif,assam,karimganj,59329.0,59329.0,0.0,0.0
kharif,assam,kokrajhar,83877.0,83877.0,0.0,0.0
kharif,assam,lakhimpur,106109.0,106109.0,0.0,0.0
kharif,assam,marigaon,470.0,470.0,0.0,0.0
kharif,assam,morigaon,46123.0,46123.0,0.0,0.0
kharif,assam,nagaon,153178.0,153178.0,0.0,0.0
kharif,assam,nalbari,65335.0,65335.0,0.0,0.0
kharif,assam,sivasagar,102547.0,102547.0,0.0,0.0
kharif,assam,sonitpur,144343.0,144343.0,0.0,0.0
kharif,assam,tinsukia,63837.0,63837.0,0.0,0.0
kharif,assam,udalguri,82558.0,82558.0,0.0,0.0
kharif,bihar,araria,152399.0,152399.0,0.0,0.0
kharif,bihar,arwal,42706.0,42706.0,0.0,0.0
kharif,bihar,aurangabad,178310.0,178310.0,0.0,0.0
kharif,bihar,banka,97946.0,97946.0,0.0,0.0
kharif,bihar,begusarai,41711.0,41711.0,0.0,0.0
kharif,bihar,bhagalpur,50609.0,50609.0,0.0,0.0
kharif,bihar,bhojpur,100412.0,100412.0,0.0,0.0
kharif,bihar,buxar,92521.0,92521.0,0.0,0.0
kharif,bihar,darbhanga,78986.0,78986.0,0.0,0.0
kharif,bihar,gaya,102168.0,102168.0,0.0,0.0
kharif,bihar,gopalganj,88340.0,88340.0,0.0,0.0
kharif,bihar,jamui,67903.0,67903.0,0.0,0.0
kharif,bihar,jehanabad,35704.0,35704.0,0.0,0.0
kharif,bihar,kaimur,117434.0,117434.0,0.0,0.0
kharif,bihar,kaimur (bhabua),119.0,119.0,0.0,0.0
kharif,bihar,katihar,42734.0,42734.0,0.0,0.0
kharif,bihar,khagaria,36577.0,36577.0,0.0,0.0
kharif,bihar,kishanganj,65685.0,65685.0,0.0,0.0
kharif,bihar,lakhisarai,34154.0,34154.0,0.0,0.0
kharif,bihar,madhepura,76513.0,76513.0,0.0,0.0
kharif,bihar,madhubani,197974.0,197974.0,0.0,0.0
kharif,bihar,munger,27685.0,27685.0,0.0,0.0
kharif,bihar,muzaffarpur,134990.0,134990.0,0.0,0.0
kharif,bihar,nalanda,121713.0,121713.0,0.0,0.0
kharif,bihar,nawada,77964.0,77964.0,0.0,0.0
kharif,bihar,pashchim champaran,141212.0,141212.0,0.0,0.0
kharif,bihar,patna,75544.0,75544.0,0.0,0.0
kharif,bihar,purbi champaran,227228.0,227228.0,0.0,0.0
kharif,bihar,purnia,111071.0,111071.0,0.0,0.0
kharif,bihar,rohtas,190797.0,190797.0,0.0,0.0
kharif,bihar,saharsa,67146.0,67146.0,0.0,0.0
kharif,bihar,samastipur,112144.0,112144.0,0.0,0.0
kharif,bihar,saran,78840.0,78840.0,0.0,0.0
kharif,bihar,sheikhpura,31173.0,31173.0,0.0,0.0
kharif,bihar,sheohar,22255.0,22255.0,0.0,0.0
kharif,bihar,sitamarhi,98996.0,98996.0,0.0,0.0
kharif,bihar,siwan,103438.0,103438.0,0.0,0.0
kharif,bihar,supaul,102782.0,102782.0,0.0,0.0
kharif,bihar,vaishali,53841.0,53841.0,0.0,0.0
kharif,chandigarh,chandigarh,10.0,10.0,0.0,0.0
kharif,chhattisgarh,balod,317.0,317.0,0.0,0.0
kharif,chhattisgarh,baloda bazar,400630.0,400630.0,0.0,0.0
kharif,chhattisgarh,balrampur,105591.0,105591.0,0.0,0.0
kharif,chhattisgarh,bastar,10837.0,10837.0,0.0,0.0
kharif,chhattisgarh,bemetara,169306.0,169306.0,0.0,0.0
kharif,chhattisgarh,bijapur,62793.0,62793.0,0.0,0.0
kharif,chhattisgarh,bilaspur,220114.0,220114.0,0.0,0.0
kharif,chhattisgarh,dantewada,73692.0,73692.0,0.0,0.0
kharif,chhattisgarh,dhamtari,146777.0,146777.0,0.0,0.0
kharif,chhattisgarh,durg,127300.0,127300.0,0.0,0.0
kharif,chhattisgarh,gariaband,145003.0,145003.0,0.0,0.0
kharif,chhattisgarh,gariyaband,3765.0,3765.0,0.0,0.0
kharif,chhattisgarh,janjgir-champa,280.0,280.0,0.0,0.0
kharif,chhattisgarh,janjgirchampa,254651.0,254651.0,0.0,0.0
kharif,chhattisgarh,jashpur,189615.0,189615.0,0.0,0.0
kharif,chhattisgarh,kabirdham,108875.0,108875.0,0.0,0.0
kharif,chhattisgarh,kanker,11282.0,11282.0,0.0,0.0
kharif,chhattisgarh,kondagaon,123362.0,123362.0,0.0,0.0
kharif,chhattisgarh,korba,113020.0,113020.0,0.0,0.0
kharif,chhattisgarh,korea,75310.0,75310.0,0.0,0.0
kharif,chhattisgarh,mahasamund,281305.0,281305.0,0.0,0.0
kharif,chhattisgarh,mungeli,115926.0,115926.0,0.0,0.0
kharif,chhattisgarh,narayanpur,25801.0,25801.0,0.0,0.0
kharif,chhattisgarh,raigarh,228070.0,228070.0,0.0,0.0
kharif,chhattisgarh,raipur,162818.0,162818.0,0.0,0.0
kharif,chhattisgarh,rajnandgaon,301210.0,301210.0,0.0,0.0
kharif,chhattisgarh,sukma,87423.0,87423.0,0.0,0.0
kharif,chhattisgarh,surajpur,119352.0,119352.0,0.0,0.0
kharif,chhattisgarh,surguja,125742.0,125742.0,0.0,0.0
kharif,chhattisgarh,uttar bastar kanker,313411.0,313411.0,0.0,0.0
kharif,dadra and nagar haveli,dadra and nagar haveli,15511.0,15511.0,0.0,0.0
kharif,gujarat,ahmadabad,119198.0,119198.0,0.0,0.0
kharif,gujarat,amreli,2727.0,2727.0,0.0,0.0
kharif,gujarat,anand,124173.0,124173.0,0.0,0.0
kharif,gujarat,aravalli,1208.0,1208.0,0.0,0.0
kharif,gujarat,arvalli,31366.0,31366.0,0.0,0.0
kharif,gujarat,banas kantha,41221.0,41221.0,0.0,0.0
kharif,gujarat,bharuch,9560.0,9560.0,0.0,0.0
kharif,gujarat,bhavnagar,32693.0,32693.0,0.0,0.0
kharif,gujarat,botad,659.0,659.0,0.0,0.0
kharif,gujarat,chhotaudepur,53837.0,53837.0,0.0,0.0
kharif,gujarat,dang,29081.0,29081.0,0.0,0.0
kharif,gujarat,devbhumi dwarka,215.0,215.0,0.0,0.0
kharif,gujarat,dohad,157685.0,157685.0,0.0,0.0
kharif,gujarat,gandhinagar,11729.0,11729.0,0.0,0.0
kharif,gujarat,gir somnath,1429.0,1429.0,0.0,0.0
kharif,gujarat,jamnagar,252.0,252.0,0.0,0.0
kharif,gujarat,junagadh,387.0,387.0,0.0,0.0
kharif,gujarat,kachchh,51594.0,51594.0,0.0,0.0
kharif,gujarat,kheda,130204.0,130204.0,0.0,0.0
kharif,gujarat,mahesana,11880.0,11880.0,0.0,0.0
kharif,gujarat,mahisagar,80504.0,80504.0,0.0,0.0
kharif,gujarat,morbi,434.0,434.0,0.0,0.0
kharif,gujarat,narmada,18267.0,18267.0,0.0,0.0
kharif,gujarat,navsari,49431.0,49431.0,0.0,0.0
kharif,gujarat,panch mahals,113101.0,113101.0,0.0,0.0
kharif,gujarat,patan,12607.0,12607.0,0.0,0.0
kharif,gujarat,rajkot,1161.0,1161.0,0.0,0.0
kharif,gujarat,sabar kantha,19549.0,19549.0,0.0,0.0
kharif,gujarat,surat,57659.0,57659.0,0.0,0.0
kharif,gujarat,surendranagar,7192.0,7192.0,0.0,0.0
kharif,gujarat,tapi,64800.0,64800.0,0.0,0.0
kharif,gujarat,vadodara,26559.0,26559.0,0.0,0.0
kharif,gujarat,valsad,74995.0,74995.0,0.0,0.0
kharif,haryana,ambala,85200.0,85200.0,0.0,0.0
kharif,haryana,bhiwani,143000.0,143000.0,0.0,0.0
kharif,haryana,charki dadri,51500.0,51500.0,0.0,0.0
kharif,haryana,faridabad,15100.0,15100.0,0.0,0.0
kharif,haryana,fatehabad,120200.0,120200.0,0.0,0.0
kharif,haryana,gurgaon,37200.0,37200.0,0.0,0.0
kharif,haryana,hisar,103300.0,103300.0,0.0,0.0
kharif,haryana,jhajjar,92600.0,92600.0,0.0,0.0
kharif,haryana,jind,149600.0,149600.0,0.0,0.0
kharif,haryana,kaithal,168900.0,168900.0,0.0,0.0
kharif,haryana,karnal,174500.0,174500.0,0.0,0.0
kharif,haryana,kurukshetra,120900.0,120900.0,0.0,0.0
kharif,haryana,mahendragarh,98700.0,98700.0,0.0,0.0
kharif,haryana,mewat,45300.0,45300.0,0.0,0.0
kharif,haryana,palwal,48900.0,48900.0,0.0,0.0
kharif,haryana,panchkula,15800.0,15800.0,0.0,0.0
kharif,haryana,panipat,77300.0,77300.0,0.0,0.0
kharif,haryana,rewari,70000.0,70000.0,0.0,0.0
kharif,haryana,rohtak,75200.0,75200.0,0.0,0.0
kharif,haryana,sirsa,98800.0,98800.0,0.0,0.0
kharif,haryana,sonipat,118100.0,118100.0,0.0,0.0
kharif,haryana,yamunanagar,76100.0,76100.0,0.0,0.0
kharif,himachal pradesh,bilaspur,25937.0,25937.0,0.0,0.0
kharif,himachal pradesh,chamba,29246.0,29246.0,0.0,0.0
kharif,himachal pradesh,hamirpur,31298.0,31298.0,0.0,0.0
kharif,himachal pradesh,kangra,90173.0,90173.0,0.0,0.0
kharif,himachal pradesh,kinnaur,225.0,225.0,0.0,0.0
kharif,himachal pradesh,kullu,16602.0,16602.0,0.0,0.0
kharif,himachal pradesh,lahul and spiti,21.0,21.0,0.0,0.0
kharif,himachal pradesh,mandi,66261.0,66261.0,0.0,0.0
kharif,himachal pradesh,shimla,11972.0,11972.0,0.0,0.0
kharif,himachal pradesh,sirmaur,26439.0,26439.0,0.0,0.0
kharif,himachal pradesh,solan,24830.0,24830.0,0.0,0.0
kharif,himachal pradesh,una,31316.0,31316.0,0.0,0.0
kharif,jammu and kashmir,anantnag,34422.0,34422.0,0.0,0.0
kharif,jammu and kashmir,badgam,29180.0,29180.0,0.0,0.0
kharif,jammu and kashmir,bandipora,19634.0,19634.0,0.0,0.0
kharif,jammu and kashmir,baramulla,40613.0,40613.0,0.0,0.0
kharif,jammu and kashmir,doda,26944.0,26944.0,0.0,0.0
kharif,jammu and kashmir,ganderbal,11765.0,11765.0,0.0,0.0
kharif,jammu and kashmir,jammu,90739.0,90739.0,0.0,0.0
kharif,jammu and kashmir,kathua,53280.0,53280.0,0.0,0.0
kharif,jammu and kashmir,kishtwar,13039.0,13039.0,0.0,0.0
kharif,jammu and kashmir,kulgam,16441.0,16441.0,0.0,0.0
kharif,jammu and kashmir,kupwara,35888.0,35888.0,0.0,0.0
kharif,jammu and kashmir,poonch,26923.0,26923.0,0.0,0.0
kharif,jammu and kashmir,pulwama,14908.0,14908.0,0.0,0.0
kharif,jammu and kashmir,rajauri,53031.0,53031.0,0.0,0.0
kharif,jammu and kashmir,ramban,19577.0,19577.0,0.0,0.0
kharif,jammu and kashmir,reasi,24542.0,24542.0,0.0,0.0
kharif,jammu and kashmir,samba,27982.0,27982.0,0.0,0.0
kharif,jammu and kashmir,shopian,837.0,837.0,0.0,0.0
kharif,jammu and kashmir,srinagar,2999.0,2999.0,0.0,0.0
kharif,jammu and kashmir,udhampur,46103.0,46103.0,0.0,0.0
kharif,jharkhand,bokaro,41628.0,41628.0,0.0,0.0
kharif,jharkhand,chatra,46188.0,46188.0,0.0,0.0
kharif,jharkhand,deoghar,65526.0,65526.0,0.0,0.0
kharif,jharkhand,dhanbad,44975.0,44975.0,0.0,0.0
kharif,jharkhand,dumka,133263.0,133263.0,0.0,0.0
kharif,jharkhand,east singhbum,119577.0,119577.0,0.0,0.0
kharif,jharkhand,garhwa,70302.0,70302.0,0.0,0.0
kharif,jharkhand,giridih,96737.0,96737.0,0.0,0.0
kharif,jharkhand,godda,60113.0,60113.0,0.0,0.0
kharif,jharkhand,gumla,190146.0,190146.0,0.0,0.0
kharif,jharkhand,hazaribagh,94709.0,94709.0,0.0,0.0
kharif,jharkhand,jamtara,62677.0,62677.0,0.0,0.0
kharif,jharkhand,khunti,82980.0,82980.0,0.0,0.0
kharif,jharkhand,koderma,24875.0,24875.0,0.0,0.0
kharif,jharkhand,latehar,43871.0,43871.0,0.0,0.0
kharif,jharkhand,lohardaga,53159.0,53159.0,0.0,0.0
kharif,jharkhand,pakur,60978.0,60978.0,0.0,0.0
kharif,jharkhand,palamu,73971.0,73971.0,0.0,0.0
kharif,jharkhand,ramgarh,43038.0,43038.0,0.0,0.0
kharif,jharkhand,ranchi,182442.0,182442.0,0.0,0.0
kharif,jharkhand,sahebganj,14755.0,14755.0,0.0,0.0
kharif,jharkhand,sahibganj,44100.0,44100.0,0.0,0.0
kharif,jharkhand,saraikela kharsawan,7952.0,7952.0,0.0,0.0
kharif,jharkhand,saraikelakharsawan,97807.0,97807.0,0.0,0.0
kharif,jharkhand,simdega,95184.0,95184.0,0.0,0.0
kharif,jharkhand,west singhbhum,191979.0,191979.0,0.0,0.0
kharif,karnataka,bagalkot,41804.0,41804.0,0.0,0.0
kharif,karnataka,bagalkote,22180.0,22180.0,0.0,0.0
kharif,karnataka,ballari,195357.0,195357.0,0.0,0.0
kharif,karnataka,bangalore rural,46891.0,46891.0,0.0,0.0
kharif,karnataka,belagavi,191653.0,191653.0,0.0,0.0
kharif,karnataka,bengaluru urban,15534.0,15534.0,0.0,0.0
kharif,karnataka,bidar,24359.0,24359.0,0.0,0.0
kharif,karnataka,chamarajanagara,50905.0,50905.0,0.0,0.0
kharif,karnataka,chamrajnagar,20062.0,20062.0,0.0,0.0
kharif,karnataka,chikballapura,107067.0,107067.0,0.0,0.0
kharif,karnataka,chikkaballapura,349.0,349.0,0.0,0.0
kharif,karnataka,chikkamagaluru,15287.0,15287.0,0.0,0.0
kharif,karnataka,chikmagalur,76686.0,76686.0,0.0,0.0
kharif,karnataka,chitradurga,130779.0,130779.0,0.0,0.0
kharif,karnataka,dakshina kannada,23343.0,23343.0,0.0,0.0
kharif,karnataka,davanagere,211755.0,211755.0,0.0,0.0
kharif,karnataka,davangere,17437.0,17437.0,0.0,0.0
kharif,karnataka,dharwad,49518.0,49518.0,0.0,0.0
kharif,karnataka,gadag,41717.0,41717.0,0.0,0.0
kharif,karnataka,hassan,195306.0,195306.0,0.0,0.0
kharif,karnataka,haveri,194308.0,194308.0,0.0,0.0
kharif,karnataka,kalaburagi,12735.0,12735.0,0.0,0.0
kharif,karnataka,kodagu,30712.0,30712.0,0.0,0.0
kharif,karnataka,kolar,67015.0,67015.0,0.0,0.0
kharif,karnataka,koppal,176653.0,176653.0,0.0,0.0
kharif,karnataka,mandya,86440.0,86440.0,0.0,0.0
kharif,karnataka,mysuru,143165.0,143165.0,0.0,0.0
kharif,karnataka,raichur,131490.0,131490.0,0.0,0.0
kharif,karnataka,ramanagara,79309.0,79309.0,0.0,0.0
kharif,karnataka,shivamogga,151069.0,151069.0,0.0,0.0
kharif,karnataka,tumakuru,24386.0,24386.0,0.0,0.0
kharif,karnataka,tumkur,143614.0,143614.0,0.0,0.0
kharif,karnataka,udupi,42553.0,42553.0,0.0,0.0
kharif,karnataka,uttara kannada,69776.0,69776.0,0.0,0.0
kharif,karnataka,vijayapura,69128.0,69128.0,0.0,0.0
kharif,karnataka,yadagiri,8929.0,8929.0,0.0,0.0
kharif,karnataka,yadgir,58106.0,58106.0,0.0,0.0
kharif,kerala,alappuzha,14636.0,14636.0,0.0,0.0
kharif,kerala,ernakulam,4278.0,4278.0,0.0,0.0
kharif,kerala,idukki,761.0,761.0,0.0,0.0
kharif,kerala,kannur,5178.0,5178.0,0.0,0.0
kharif,kerala,kasaragod,1768.0,1768.0,0.0,0.0
kharif,kerala,kollam,1596.0,1596.0,0.0,0.0
kharif,kerala,kottayam,9126.0,9126.0,0.0,0.0
kharif,kerala,kozhikode,1619.0,1619.0,0.0,0.0
kharif,kerala,malappuram,5334.0,5334.0,0.0,0.0
kharif,kerala,palakkad,73271.0,73271.0,0.0,0.0
kharif,kerala,pathanamthitta,450.0,450.0,0.0,0.0
kharif,kerala,thiruvananthapuram,1353.0,1353.0,0.0,0.0
kharif,kerala,thrissur,12632.0,12632.0,0.0,0.0
kharif,kerala,wayanad,7391.0,7391.0,0.0,0.0
kharif,madhya pradesh,agar malwa,19100.0,19100.0,0.0,0.0
kharif,madhya pradesh,alirajpur,72120.0,72120.0,0.0,0.0
kharif,madhya pradesh,anuppur,121500.0,121500.0,0.0,0.0
kharif,madhya pradesh,ashoknagar,17700.0,17700.0,0.0,0.0
kharif,madhya pradesh,balaghat,225000.0,225000.0,0.0,0.0
kharif,madhya pradesh,barwani,104110.0,104110.0,0.0,0.0
kharif,madhya pradesh,betul,132500.0,132500.0,0.0,0.0
kharif,madhya pradesh,bhind,76200.0,76200.0,0.0,0.0
kharif,madhya pradesh,bhopal,15000.0,15000.0,0.0,0.0
kharif,madhya pradesh,burhanpur,24600.0,24600.0,0.0,0.0
kharif,madhya pradesh,chhatarpur,14440.0,14440.0,0.0,0.0
kharif,madhya pradesh,chhindwara,310510.0,310510.0,0.0,0.0
kharif,madhya pradesh,damoh,83830.0,83830.0,0.0,0.0
kharif,madhya pradesh,datia,22500.0,22500.0,0.0,0.0
kharif,madhya pradesh,dewas,16900.0,16900.0,0.0,0.0
kharif,madhya pradesh,dhar,93030.0,93030.0,0.0,0.0
kharif,madhya pradesh,dindori,106900.0,106900.0,0.0,0.0
kharif,madhya pradesh,guna,29690.0,29690.0,0.0,0.0
kharif,madhya pradesh,gwalior,34400.0,34400.0,0.0,0.0
kharif,madhya pradesh,harda,16500.0,16500.0,0.0,0.0
kharif,madhya pradesh,hoshangabad,157450.0,157450.0,0.0,0.0
kharif,madhya pradesh,indore,9100.0,9100.0,0.0,0.0
kharif,madhya pradesh,jabalpur,116040.0,116040.0,0.0,0.0
kharif,madhya pradesh,jhabua,76610.0,76610.0,0.0,0.0
kharif,madhya pradesh,katni,110200.0,110200.0,0.0,0.0
kharif,madhya pradesh,khandwa,46400.0,46400.0,0.0,0.0
kharif,madhya pradesh,khargone,81310.0,81310.0,0.0,0.0
kharif,madhya pradesh,mandla,160100.0,160100.0,0.0,0.0
kharif,madhya pradesh,mandsaur,45330.0,45330.0,0.0,0.0
kharif,madhya pradesh,morena,127120.0,127120.0,0.0,0.0
kharif,madhya pradesh,narsinghpur,45400.0,45400.0,0.0,0.0
kharif,madhya pradesh,neemuch,29300.0,29300.0,0.0,0.0
kharif,madhya pradesh,panna,68600.0,68600.0,0.0,0.0
kharif,madhya pradesh,raisen,120200.0,120200.0,0.0,0.0
kharif,madhya pradesh,rajgarh,65150.0,65150.0,0.0,0.0
kharif,madhya pradesh,ratlam,55660.0,55660.0,0.0,0.0
kharif,madhya pradesh,rewa,157600.0,157600.0,0.0,0.0
kharif,madhya pradesh,sagar,15660.0,15660.0,0.0,0.0
kharif,madhya pradesh,satna,144200.0,144200.0,0.0,0.0
kharif,madhya pradesh,sehore,40660.0,40660.0,0.0,0.0
kharif,madhya pradesh,seoni,229800.0,229800.0,0.0,0.0
kharif,madhya pradesh,shahdol,114300.0,114300.0,0.0,0.0
kharif,madhya pradesh,shajapur,5190.0,5190.0,0.0,0.0
kharif,madhya pradesh,sheopur,52700.0,52700.0,0.0,0.0
kharif,madhya pradesh,shivpuri,20100.0,20100.0,0.0,0.0
kharif,madhya pradesh,sidhi,98400.0,98400.0,0.0,0.0
kharif,madhya pradesh,singrauli,109260.0,109260.0,0.0,0.0
kharif,madhya pradesh,tikamgarh,7260.0,7260.0,0.0,0.0
kharif,madhya pradesh,ujjain,7300.0,7300.0,0.0,0.0
kharif,madhya pradesh,umaria,46110.0,46110.0,0.0,0.0
kharif,madhya pradesh,vidisha,20530.0,20530.0,0.0,0.0
kharif,maharashtra,ahmadnagar,148500.0,148500.0,0.0,0.0
kharif,maharashtra,ahmednagar,16300.0,16300.0,0.0,0.0
kharif,maharashtra,akola,11019.0,11019.0,0.0,0.0
kharif,maharashtra,amravati,33945.0,33945.0,0.0,0.0
kharif,maharashtra,aurangabad,95500.0,95500.0,0.0,0.0
kharif,maharashtra,beed,181665.0,181665.0,0.0,0.0
kharif,maharashtra,bhandara,164700.0,164700.0,0.0,0.0
kharif,maharashtra,buldana,20202.0,20202.0,0.0,0.0
kharif,maharashtra,buldhana,34020.0,34020.0,0.0,0.0
kharif,maharashtra,chandrapur,131626.0,131626.0,0.0,0.0
kharif,maharashtra,dhule,172300.0,172300.0,0.0,0.0
kharif,maharashtra,gadchiroli,150123.0,150123.0,0.0,0.0
kharif,maharashtra,gondia,138500.0,138500.0,0.0,0.0
kharif,maharashtra,hingoli,58397.0,58397.0,0.0,0.0
kharif,maharashtra,jalgaon,196400.0,196400.0,0.0,0.0
kharif,maharashtra,jalna,79600.0,79600.0,0.0,0.0
kharif,maharashtra,kolhapur,139800.0,139800.0,0.0,0.0
kharif,maharashtra,latur,89408.0,89408.0,0.0,0.0
kharif,maharashtra,nagpur,99549.0,99549.0,0.0,0.0
kharif,maharashtra,nanded,89597.0,89597.0,0.0,0.0
kharif,maharashtra,nandurbar,118479.0,118479.0,0.0,0.0
kharif,maharashtra,nashik,394400.0,394400.0,0.0,0.0
kharif,maharashtra,osmanabad,49336.0,49336.0,0.0,0.0
kharif,maharashtra,palghar,88000.0,88000.0,0.0,0.0
kharif,maharashtra,parbhani,14795.0,14795.0,0.0,0.0
kharif,maharashtra,pune,107900.0,107900.0,0.0,0.0
kharif,maharashtra,raigad,117200.0,117200.0,0.0,0.0
kharif,maharashtra,ratnagiri,89400.0,89400.0,0.0,0.0
kharif,maharashtra,sangli,165100.0,165100.0,0.0,0.0
kharif,maharashtra,satara,160900.0,160900.0,0.0,0.0
kharif,maharashtra,sindhudurg,64300.0,64300.0,0.0,0.0
kharif,maharashtra,solapur,50700.0,50700.0,0.0,0.0
kharif,maharashtra,thane,57300.0,57300.0,0.0,0.0
kharif,maharashtra,wardha,3000.0,3000.0,0.0,0.0
kharif,maharashtra,washim,9254.0,9254.0,0.0,0.0
kharif,maharashtra,yavatmal,24283.0,24283.0,0.0,0.0
kharif,manipur,bishnupur,32360.0,32360.0,0.0,0.0
kharif,manipur,chandel,13010.0,13010.0,0.0,0.0
kharif,manipur,churachandpur,34480.0,34480.0,0.0,0.0
kharif,manipur,imphal east,41300.0,41300.0,0.0,0.0
kharif,manipur,imphal west,44340.0,44340.0,0.0,0.0
kharif,manipur,senapati,16000.0,16000.0,0.0,0.0
kharif,manipur,tamenglong,29380.0,29380.0,0.0,0.0
kharif,manipur,thoubal,33570.0,33570.0,0.0,0.0
kharif,manipur,ukhrul,12080.0,12080.0,0.0,0.0
kharif,meghalaya,east garo hills,9927.0,9927.0,0.0,0.0
kharif,meghalaya,east jaintia hills,4743.0,4743.0,0.0,0.0
kharif,meghalaya,east khasi hills,7847.0,7847.0,0.0,0.0
kharif,meghalaya,north garo hills,9092.0,9092.0,0.0,0.0
kharif,meghalaya,ri bhoi,11071.0,11071.0,0.0,0.0
kharif,meghalaya,south garo hills,9321.0,9321.0,0.0,0.0
kharif,meghalaya,south west garo hills,14333.0,14333.0,0.0,0.0
kharif,meghalaya,south west khasi hills,3163.0,3163.0,0.0,0.0
kharif,meghalaya,west garo hills,26096.0,26096.0,0.0,0.0
kharif,meghalaya,west jaintia hills,10898.0,10898.0,0.0,0.0
kharif,meghalaya,west khasi hills,9119.0,9119.0,0.0,0.0
kharif,mizoram,aizawl,4363.0,4363.0,0.0,0.0
kharif,mizoram,champhai,9316.199999999999,9316.199999999999,0.0,0.0
kharif,mizoram,kolasib,6399.0,6399.0,0.0,0.0
kharif,mizoram,lawngtlai,6030.0,6030.0,0.0,0.0
kharif,mizoram,lunglei,3876.8999999999996,3876.8999999999996,0.0,0.0
kharif,mizoram,mamit,4046.0,4046.0,0.0,0.0
kharif,mizoram,saiha,1344.0,1344.0,0.0,0.0
kharif,mizoram,serchhip,5726.1,5726.1,0.0,0.0
kharif,nagaland,dimapur,52100.0,52100.0,0.0,0.0
kharif,nagaland,kiphire,19320.0,19320.0,0.0,0.0
kharif,nagaland,kohima,20970.0,20970.0,0.0,0.0
kharif,nagaland,longleng,11680.0,11680.0,0.0,0.0
kharif,nagaland,mokokchung,19910.0,19910.0,0.0,0.0
kharif,nagaland,mon,25860.0,25860.0,0.0,0.0
kharif,nagaland,peren,20360.0,20360.0,0.0,0.0
kharif,nagaland,phek,24970.0,24970.0,0.0,0.0
kharif,nagaland,tuensang,27500.0,27500.0,0.0,0.0
kharif,nagaland,wokha,24180.0,24180.0,0.0,0.0
kharif,nagaland,zunheboto,24890.0,24890.0,0.0,0.0
kharif,odisha,anugul,91958.0,91958.0,0.0,0.0
kharif,odisha,balangir,155766.0,155766.0,0.0,0.0
kharif,odisha,baleshwar,185400.0,185400.0,0.0,0.0
kharif,odisha,bargarh,233513.0,233513.0,0.0,0.0
kharif,odisha,bhadrak,156750.0,156750.0,0.0,0.0
kharif,odisha,boudh,57972.0,57972.0,0.0,0.0
kharif,odisha,cuttack,108660.0,108660.0,0.0,0.0
kharif,odisha,deogarh,46931.0,46931.0,0.0,0.0
kharif,odisha,dhenkanal,62497.0,62497.0,0.0,0.0
kharif,odisha,gajapati,49024.0,49024.0,0.0,0.0
kharif,odisha,ganjam,205345.0,205345.0,0.0,0.0
kharif,odisha,jagatsinghapur,78080.0,78080.0,0.0,0.0
kharif,odisha,jajapur,106070.0,106070.0,0.0,0.0
kharif,odisha,jharsuguda,47763.0,47763.0,0.0,0.0
kharif,odisha,kalahandi,173326.0,173326.0,0.0,0.0
kharif,odisha,kandhamal,30928.0,30928.0,0.0,0.0
kharif,odisha,kendrapara,121810.0,121810.0,0.0,0.0
kharif,odisha,kendujhar,189486.0,189486.0,0.0,0.0
kharif,odisha,khordha,83602.0,83602.0,0.0,0.0
kharif,odisha,koraput,131865.0,131865.0,0.0,0.0
kharif,odisha,malkangiri,101904.0,101904.0,0.0,0.0
kharif,odisha,mayurbhanj,320327.0,320327.0,0.0,0.0
kharif,odisha,nabarangpur,142897.0,142897.0,0.0,0.0
kharif,odisha,nayagarh,90847.0,90847.0,0.0,0.0
kharif,odisha,nuapada,87761.0,87761.0,0.0,0.0
kharif,odisha,puri,85190.0,85190.0,0.0,0.0
kharif,odisha,rayagada,61676.0,61676.0,0.0,0.0
kharif,odisha,sambalpur,129460.0,129460.0,0.0,0.0
kharif,odisha,sonepur,95270.0,95270.0,0.0,0.0
kharif,odisha,sundargarh,199664.0,199664.0,0.0,0.0
kharif,puducherry,karaikal,532.0,532.0,0.0,0.0
kharif,puducherry,pondicherry,3535.0,3535.0,0.0,0.0
kharif,puducherry,yanam,289.0,289.0,0.0,0.0
kharif,punjab,amritsar,182000.0,182000.0,0.0,0.0
kharif,punjab,barnala,113000.0,113000.0,0.0,0.0
kharif,punjab,bathinda,160100.0,160100.0,0.0,0.0
kharif,punjab,faridkot,115000.0,115000.0,0.0,0.0
kharif,punjab,fatehgarh sahib,86000.0,86000.0,0.0,0.0
kharif,punjab,fazilka,110200.0,110200.0,0.0,0.0
kharif,punjab,firozpur,185000.0,185000.0,0.0,0.0
kharif,punjab,gurdaspur,177000.0,177000.0,0.0,0.0
kharif,punjab,hoshiarpur,131000.0,131000.0,0.0,0.0
kharif,punjab,jalandhar,177000.0,177000.0,0.0,0.0
kharif,punjab,kapurthala,120000.0,120000.0,0.0,0.0
kharif,punjab,ludhiana,259000.0,259000.0,0.0,0.0
kharif,punjab,mansa,107500.0,107500.0,0.0,0.0
kharif,punjab,moga,181000.0,181000.0,0.0,0.0
kharif,punjab,muktsar,173000.0,173000.0,0.0,0.0
kharif,punjab,pathankot,36000.0,36000.0,0.0,0.0
kharif,punjab,patiala,234000.0,234000.0,0.0,0.0
kharif,punjab,rupnagar,62000.0,62000.0,0.0,0.0
kharif,punjab,sangrur,284200.0,284200.0,0.0,0.0
kharif,punjab,shahid bhagat singh nagar,105000.0,105000.0,0.0,0.0
kharif,punjab,tarn taran,182000.0,182000.0,0.0,0.0
kharif,rajasthan,ajmer,208717.0,208717.0,0.0,0.0
kharif,rajasthan,alwar,303086.0,303086.0,0.0,0.0
kharif,rajasthan,banswara,140208.0,140208.0,0.0,0.0
kharif,rajasthan,baran,38554.0,38554.0,0.0,0.0
kharif,rajasthan,barmer,904696.0,904696.0,0.0,0.0
kharif,rajasthan,bharatpur,178184.0,178184.0,0.0,0.0
kharif,rajasthan,bhilwara,202173.0,202173.0,0.0,0.0
kharif,rajasthan,bikaner,126425.0,126425.0,0.0,0.0
kharif,rajasthan,bundi,70971.0,70971.0,0.0,0.0
kharif,rajasthan,chittaurgarh,120153.0,120153.0,0.0,0.0
kharif,rajasthan,chittorgarh,1107.0,1107.0,0.0,0.0
kharif,rajasthan,churu,266152.0,266152.0,0.0,0.0
kharif,rajasthan,dausa,155475.0,155475.0,0.0,0.0
kharif,rajasthan,dholpur,85077.0,85077.0,0.0,0.0
kharif,rajasthan,dungarpur,78880.0,78880.0,0.0,0.0
kharif,rajasthan,ganganagar,19645.0,19645.0,0.0,0.0
kharif,rajasthan,hanumangarh,68994.0,68994.0,0.0,0.0
kharif,rajasthan,jaipur,332872.0,332872.0,0.0,0.0
kharif,rajasthan,jaisalmer,107817.0,107817.0,0.0,0.0
kharif,rajasthan,jalore,318783.0,318783.0,0.0,0.0
kharif,rajasthan,jhalawar,51078.0,51078.0,0.0,0.0
kharif,rajasthan,jhunjhunun,219330.0,219330.0,0.0,0.0
kharif,rajasthan,jodhpur,456434.0,456434.0,0.0,0.0
kharif,rajasthan,karauli,132929.0,132929.0,0.0,0.0
kharif,rajasthan,kota,26734.0,26734.0,0.0,0.0
kharif,rajasthan,nagaur,335281.0,335281.0,0.0,0.0
kharif,rajasthan,pali,117879.0,117879.0,0.0,0.0
kharif,rajasthan,pratapgarh,43052.0,43052.0,0.0,0.0
kharif,rajasthan,rajsamand,73905.0,73905.0,0.0,0.0
kharif,rajasthan,sawai madhopur,65701.0,65701.0,0.0,0.0
kharif,rajasthan,sikar,271297.0,271297.0,0.0,0.0
kharif,rajasthan,sirohi,37035.0,37035.0,0.0,0.0
kharif,rajasthan,tonk,101560.0,101560.0,0.0,0.0
kharif,rajasthan,udaipur,174010.0,174010.0,0.0,0.0
kharif,sikkim,east district,13798.0,13798.0,0.0,0.0
kharif,sikkim,north district,3750.0,3750.0,0.0,0.0
kharif,sikkim,south district,15300.0,15300.0,0.0,0.0
kharif,sikkim,west district,15111.0,15111.0,0.0,0.0
kharif,tamil nadu,ariyalur,36736.0,36736.0,0.0,0.0
kharif,tamil nadu,coimbatore,21574.0,21574.0,0.0,0.0
kharif,tamil nadu,cuddalore,146997.0,146997.0,0.0,0.0
kharif,tamil nadu,dharmapuri,56530.0,56530.0,0.0,0.0
kharif,tamil nadu,dindigul,31421.0,31421.0,0.0,0.0
kharif,tamil nadu,erode,26302.0,26302.0,0.0,0.0
kharif,tamil nadu,kancheepuram,68387.0,68387.0,0.0,0.0
kharif,tamil nadu,kanchipuram,99.0,99.0,0.0,0.0
kharif,tamil nadu,kanniyakumari,9516.0,9516.0,0.0,0.0
kharif,tamil nadu,karur,22094.0,22094.0,0.0,0.0
kharif,tamil nadu,krishnagiri,58864.0,58864.0,0.0,0.0
kharif,tamil nadu,madurai,35415.0,35415.0,0.0,0.0
kharif,tamil nadu,nagapattinam,1.0,1.0,0.0,0.0
kharif,tamil nadu,nagappattinam,163584.0,163584.0,0.0,0.0
kharif,tamil nadu,namakkal,64569.0,64569.0,0.0,0.0
kharif,tamil nadu,perambalur,45289.0,45289.0,0.0,0.0
kharif,tamil nadu,pudukkottai,85848.0,85848.0,0.0,0.0
kharif,tamil nadu,ramanathapuram,126644.0,126644.0,0.0,0.0
kharif,tamil nadu,salem,81210.0,81210.0,0.0,0.0
kharif,tamil nadu,sivaganga,72142.0,72142.0,0.0,0.0
kharif,tamil nadu,thanjavur,157760.0,157760.0,0.0,0.0
kharif,tamil nadu,the nilgiris,239.0,239.0,0.0,0.0
kharif,tamil nadu,theni,15103.0,15103.0,0.0,0.0
kharif,tamil nadu,thiruvallur,78599.0,78599.0,0.0,0.0
kharif,tamil nadu,thiruvarur,170956.0,170956.0,0.0,0.0
kharif,tamil nadu,tiruchirappalli,84710.0,84710.0,0.0,0.0
kharif,tamil nadu,tirunelveli,40248.0,40248.0,0.0,0.0
kharif,tamil nadu,tiruppur,26371.0,26371.0,0.0,0.0
kharif,tamil nadu,tiruvannamalai,108419.0,108419.0,0.0,0.0
kharif,tamil nadu,tuticorin,4075.0,4075.0,0.0,0.0
kharif,tamil nadu,vellore,42486.0,42486.0,0.0,0.0
kharif,tamil nadu,villupuram,28662.0,28662.0,0.0,0.0
kharif,tamil nadu,viluppuram,131508.0,131508.0,0.0,0.0
kharif,tamil nadu,virudhunagar,16788.0,16788.0,0.0,0.0
kharif,tamil nadu,virudunagar,9394.0,9394.0,0.0,0.0
kharif,telangana,adilabad,3889.0,3889.0,0.0,0.0
kharif,telangana,bhadradri,52777.0,52777.0,0.0,0.0
kharif,telangana,hanumakonda,24075.0,24075.0,0.0,0.0
kharif,telangana,jagitial,65465.0,65465.0,0.0,0.0
kharif,telangana,jangoan,35741.0,35741.0,0.0,0.0
kharif,telangana,jayashankar,62016.0,62016.0,0.0,0.0
kharif,telangana,jogulamba,25058.0,25058.0,0.0,0.0
kharif,telangana,kamareddy,81040.0,81040.0,0.0,0.0
kharif,telangana,karimnagar,55104.0,55104.0,0.0,0.0
kharif,telangana,khammam,60941.0,60941.0,0.0,0.0
kharif,telangana,komaram bheem asifabad,10202.0,10202.0,0.0,0.0
kharif,telangana,mahabubabad,50993.0,50993.0,0.0,0.0
kharif,telangana,mahbubnagar,86186.0,86186.0,0.0,0.0
kharif,telangana,mancherial,30581.0,30581.0,0.0,0.0
kharif,telangana,medak,64432.0,64432.0,0.0,0.0
kharif,telangana,medchal malkajgiri,5980.0,5980.0,0.0,0.0
kharif,telangana,nagarkurnool,77669.0,77669.0,0.0,0.0
kharif,telangana,nalgonda,64099.0,64099.0,0.0,0.0
kharif,telangana,nirmal,28299.0,28299.0,0.0,0.0
kharif,telangana,nizamabad,113237.0,113237.0,0.0,0.0
kharif,telangana,peddapalli,51568.0,51568.0,0.0,0.0
kharif,telangana,rajanna,24689.0,24689.0,0.0,0.0
kharif,telangana,rangareddi,69585.0,69585.0,0.0,0.0
kharif,telangana,sangareddy,39885.0,39885.0,0.0,0.0
kharif,telangana,siddipet,103081.0,103081.0,0.0,0.0
kharif,telangana,suryapet,67704.0,67704.0,0.0,0.0
kharif,telangana,vikarabad,40830.0,40830.0,0.0,0.0
kharif,telangana,wanaparthy,54528.0,54528.0,0.0,0.0
kharif,telangana,warangal,51900.0,51900.0,0.0,0.0
kharif,telangana,yadadri,53899.0,53899.0,0.0,0.0
kharif,tripura,dhalai,34919.0,34919.0,0.0,0.0
kharif,tripura,gomati,25225.0,25225.0,0.0,0.0
kharif,tripura,khowai,20793.0,20793.0,0.0,0.0
kharif,tripura,north tripura,30769.0,30769.0,0.0,0.0
kharif,tripura,sepahijala,32838.0,32838.0,0.0,0.0
kharif,tripura,south tripura,29713.0,29713.0,0.0,0.0
kharif,tripura,unakoti,22050.0,22050.0,0.0,0.0
kharif,tripura,west tripura,19990.0,19990.0,0.0,0.0
kharif,uttar pradesh,agra,128025.0,128025.0,0.0,0.0
kharif,uttar pradesh,aligarh,188605.0,188605.0,0.0,0.0
kharif,uttar pradesh,allahabad,190572.0,190572.0,0.0,0.0
kharif,uttar pradesh,ambedkar nagar,119658.0,119658.0,0.0,0.0
kharif,uttar pradesh,amethi,119190.0,119190.0,0.0,0.0
kharif,uttar pradesh,amroha,26826.0,26826.0,0.0,0.0
kharif,uttar pradesh,auraiya,90570.0,90570.0,0.0,0.0
kharif,uttar pradesh,azamgarh,221728.0,221728.0,0.0,0.0
kharif,uttar pradesh,baghpat,6008.0,6008.0,0.0,0.0
kharif,uttar pradesh,bahraich,242249.0,242249.0,0.0,0.0
kharif,uttar pradesh,ballia,147721.0,147721.0,0.0,0.0
kharif,uttar pradesh,balrampur,109516.0,109516.0,0.0,0.0
kharif,uttar pradesh,banda,78735.0,78735.0,0.0,0.0
kharif,uttar pradesh,barabanki,186946.0,186946.0,0.0,0.0
kharif,uttar pradesh,bareilly,151650.0,151650.0,0.0,0.0
kharif,uttar pradesh,basti,107918.0,107918.0,0.0,0.0
kharif,uttar pradesh,bijnor,50835.0,50835.0,0.0,0.0
kharif,uttar pradesh,budaun,174508.0,174508.0,0.0,0.0
kharif,uttar pradesh,bulandshahr,148289.0,148289.0,0.0,0.0
kharif,uttar pradesh,chandauli,119599.0,119599.0,0.0,0.0
kharif,uttar pradesh,chitrakoot,35956.0,35956.0,0.0,0.0
kharif,uttar pradesh,deoria,141357.0,141357.0,0.0,0.0
kharif,uttar pradesh,etah,85708.0,85708.0,0.0,0.0
kharif,uttar pradesh,etawah,94892.0,94892.0,0.0,0.0
kharif,uttar pradesh,faizabad,105132.0,105132.0,0.0,0.0
kharif,uttar pradesh,farrukhabad,50585.0,50585.0,0.0,0.0
kharif,uttar pradesh,fatehpur,98243.0,98243.0,0.0,0.0
kharif,uttar pradesh,firozabad,112759.0,112759.0,0.0,0.0
kharif,uttar pradesh,gautam buddha nagar,8865.0,8865.0,0.0,0.0
kharif,uttar pradesh,ghaziabad,9349.0,9349.0,0.0,0.0
kharif,uttar pradesh,ghazipur,172901.0,172901.0,0.0,0.0
kharif,uttar pradesh,gonda,171410.0,171410.0,0.0,0.0
kharif,uttar pradesh,gorakhpur,155650.0,155650.0,0.0,0.0
kharif,uttar pradesh,hamirpur,16801.0,16801.0,0.0,0.0
kharif,uttar pradesh,hapur,20929.0,20929.0,0.0,0.0
kharif,uttar pradesh,hardoi,193428.0,193428.0,0.0,0.0
kharif,uttar pradesh,hathras,75233.0,75233.0,0.0,0.0
kharif,uttar pradesh,jalaun,22167.0,22167.0,0.0,0.0
kharif,uttar pradesh,jaunpur,208265.0,208265.0,0.0,0.0
kharif,uttar pradesh,jhansi,12071.0,12071.0,0.0,0.0
kharif,uttar pradesh,kannauj,63353.0,63353.0,0.0,0.0
kharif,uttar pradesh,kanpur dehat,81286.0,81286.0,0.0,0.0
kharif,uttar pradesh,kanpur nagar,79914.0,79914.0,0.0,0.0
kharif,uttar pradesh,kasganj,82078.0,82078.0,0.0,0.0
kharif,uttar pradesh,kaushambi,65815.0,65815.0,0.0,0.0
kharif,uttar pradesh,kheri,7842.0,7842.0,0.0,0.0
kharif,uttar pradesh,kushi nagar,2875.0,2875.0,0.0,0.0
kharif,uttar pradesh,kushinagar,119255.0,119255.0,0.0,0.0
kharif,uttar pradesh,lakhimpur kheri,179639.0,179639.0,0.0,0.0
kharif,uttar pradesh,lalitpur,21101.0,21101.0,0.0,0.0
kharif,uttar pradesh,lucknow,56001.0,56001.0,0.0,0.0
kharif,uttar pradesh,maharajganj,166443.0,166443.0,0.0,0.0
kharif,uttar pradesh,mahoba,1998.0,1998.0,0.0,0.0
kharif,uttar pradesh,mainpuri,120847.0,120847.0,0.0,0.0
kharif,uttar pradesh,mathura,83848.0,83848.0,0.0,0.0
kharif,uttar pradesh,mau,91680.0,91680.0,0.0,0.0
kharif,uttar pradesh,meerut,14611.0,14611.0,0.0,0.0
kharif,uttar pradesh,mirzapur,98808.0,98808.0,0.0,0.0
kharif,uttar pradesh,moradabad,97144.0,97144.0,0.0,0.0
kharif,uttar pradesh,muzaffarnagar,12800.0,12800.0,0.0,0.0
kharif,uttar pradesh,pilibhit,131429.0,131429.0,0.0,0.0
kharif,uttar pradesh,pratapgarh,109635.0,109635.0,0.0,0.0
kharif,uttar pradesh,rae bareli,97800.0,97800.0,0.0,0.0
kharif,uttar pradesh,rampur,136065.0,136065.0,0.0,0.0
kharif,uttar pradesh,saharanpur,64662.0,64662.0,0.0,0.0
kharif,uttar pradesh,sambhal,114368.0,114368.0,0.0,0.0
kharif,uttar pradesh,sant kabeer nagar,93563.0,93563.0,0.0,0.0
kharif,uttar pradesh,sant ravi das nagar,28105.0,28105.0,0.0,0.0
kharif,uttar pradesh,sant ravidas nagar,10040.0,10040.0,0.0,0.0
kharif,uttar pradesh,shahajahanpur,210446.0,210446.0,0.0,0.0
kharif,uttar pradesh,shahjahanpur,1108.0,1108.0,0.0,0.0
kharif,uttar pradesh,shamli,20184.0,20184.0,0.0,0.0
kharif,uttar pradesh,shravasti,86679.0,86679.0,0.0,0.0
kharif,uttar pradesh,siddharth nagar,173922.0,173922.0,0.0,0.0
kharif,uttar pradesh,sitapur,179438.0,179438.0,0.0,0.0
kharif,uttar pradesh,sonbhadra,54803.0,54803.0,0.0,0.0
kharif,uttar pradesh,sultanpur,104869.0,104869.0,0.0,0.0
kharif,uttar pradesh,unnao,127915.0,127915.0,0.0,0.0
kharif,uttar pradesh,varanasi,63652.0,63652.0,0.0,0.0
kharif,uttarakhand,almora,47780.0,47780.0,0.0,0.0
kharif,uttarakhand,bageshwar,20089.0,20089.0,0.0,0.0
kharif,uttarakhand,chamoli,20874.0,20874.0,0.0,0.0
kharif,uttarakhand,champawat,10897.0,10897.0,0.0,0.0
kharif,uttarakhand,dehradun,17209.0,17209.0,0.0,0.0
kharif,uttarakhand,hardwar,13455.0,13455.0,0.0,0.0
kharif,uttarakhand,haridwar,583.0,583.0,0.0,0.0
kharif,uttarakhand,nainital,16212.0,16212.0,0.0,0.0
kharif,uttarakhand,pauri garhwal,29314.0,29314.0,0.0,0.0
kharif,uttarakhand,pithoragarh,30067.0,30067.0,0.0,0.0
kharif,uttarakhand,rudra prayag,15276.0,15276.0,0.0,0.0
kharif,uttarakhand,tehri garhwal,23602.0,23602.0,0.0,0.0
kharif,uttarakhand,udam singh nagar,30.0,30.0,0.0,0.0
kharif,uttarakhand,udham singh nagar,107511.0,107511.0,0.0,0.0
kharif,uttarakhand,uttar kashi,15950.0,15950.0,0.0,0.0
kharif,west bengal,alipurduar,80522.0,80522.0,0.0,0.0
kharif,west bengal,bankura,335604.0,335604.0,0.0,0.0
kharif,west bengal,barddhaman,411702.0,411702.0,0.0,0.0
kharif,west bengal,birbhum,335893.0,335893.0,0.0,0.0
kharif,west bengal,coochbehar,222010.0,222010.0,0.0,0.0
kharif,west bengal,dakshin dinajpur,164421.0,164421.0,0.0,0.0
kharif,west bengal,darjeeling,32054.0,32054.0,0.0,0.0
kharif,west bengal,dinajpur dakshin,71.0,71.0,0.0,0.0
kharif,west bengal,dinajpur uttar,6872.0,6872.0,0.0,0.0
kharif,west bengal,hooghly,195813.0,195813.0,0.0,0.0
kharif,west bengal,howrah,75895.0,75895.0,0.0,0.0
kharif,west bengal,jalpaiguri,118631.0,118631.0,0.0,0.0
kharif,west bengal,jhargram,169861.0,169861.0,0.0,0.0
kharif,west bengal,kalimpong,20278.0,20278.0,0.0,0.0
kharif,west bengal,maldah,156588.0,156588.0,0.0,0.0
kharif,west bengal,medinipur east,263188.0,263188.0,0.0,0.0
kharif,west bengal,medinipur west,379418.0,379418.0,0.0,0.0
kharif,west bengal,murshidabad,253949.0,253949.0,0.0,0.0
kharif,west bengal,nadia,148749.0,148749.0,0.0,0.0
kharif,west bengal,paraganas north,162480.0,162480.0,0.0,0.0
kharif,west bengal,paraganas south,301040.0,301040.0,0.0,0.0
kharif,west bengal,paschim bardhaman,32.0,32.0,0.0,0.0
kharif,west bengal,purba bardhaman,43.0,43.0,0.0,0.0
kharif,west bengal,purulia,10387.0,10387.0,0.0,0.0
kharif,west bengal,puruliya,272903.0,272903.0,0.0,0.0
kharif,west bengal,uttar dinajpur,182949.0,182949.0,0.0,0.0
rabi,andaman and nicobar,north and middle andaman,30.62,30.62,0.0,0.0
rabi,andaman and nicobar,south andamans,13.0,13.0,0.0,0.0
rabi,andhra pradesh,anantapur,28245.0,28245.0,0.0,0.0
rabi,andhra pradesh,chittoor,51549.0,51549.0,0.0,0.0
rabi,andhra pradesh,east godavari,162551.0,162551.0,0.0,0.0
rabi,andhra pradesh,guntur,110827.0,110827.0,0.0,0.0
rabi,andhra pradesh,kadapa,39154.0,39154.0,0.0,0.0
rabi,andhra pradesh,krishna,47626.0,47626.0,0.0,0.0
rabi,andhra pradesh,kurnool,103128.0,103128.0,0.0,0.0
rabi,andhra pradesh,nellore,203344.0,203344.0,0.0,0.0
rabi,andhra pradesh,prakasam,49009.0,49009.0,0.0,0.0
rabi,andhra pradesh,spsr nellore,1485.0,1485.0,0.0,0.0
rabi,andhra pradesh,srikakulam,29620.0,29620.0,0.0,0.0
rabi,andhra pradesh,visakhapatanam,1483.0,1483.0,0.0,0.0
rabi,andhra pradesh,visakhapatnam,4038.0,4038.0,0.0,0.0
rabi,andhra pradesh,vizianagaram,26455.0,26455.0,0.0,0.0
rabi,andhra pradesh,west godavari,234838.0,234838.0,0.0,0.0
rabi,arunachal pradesh,changlang,375.0,375.0,0.0,0.0
rabi,arunachal pradesh,east kameng,150.0,150.0,0.0,0.0
rabi,arunachal pradesh,east siang,125.0,125.0,0.0,0.0
rabi,arunachal pradesh,lohit,225.0,225.0,0.0,0.0
rabi,arunachal pradesh,lower dibang valley,394.0,394.0,0.0,0.0
rabi,arunachal pradesh,namsai,337.0,337.0,0.0,0.0
rabi,arunachal pradesh,papum pare,301.0,301.0,0.0,0.0
rabi,arunachal pradesh,tawang,1104.0,1104.0,0.0,0.0
rabi,arunachal pradesh,tirap,108.0,108.0,0.0,0.0
rabi,arunachal pradesh,west kameng,811.0,811.0,0.0,0.0
rabi,assam,baksa,3295.0,3295.0,0.0,0.0
rabi,assam,barpeta,55036.0,55036.0,0.0,0.0
rabi,assam,bongaigaon,14505.0,14505.0,0.0,0.0
rabi,assam,cachar,8914.0,8914.0,0.0,0.0
rabi,assam,chirang,1527.0,1527.0,0.0,0.0
rabi,assam,darrang,17675.0,17675.0,0.0,0.0
rabi,assam,dhemaji,4167.0,4167.0,0.0,0.0
rabi,assam,dhubri,51650.0,51650.0,0.0,0.0
rabi,assam,dibrugarh,877.0,877.0,0.0,0.0
rabi,assam,goalpara,29034.0,29034.0,0.0,0.0
rabi,assam,golaghat,5746.0,5746.0,0.0,0.0
rabi,assam,hailakandi,1900.0,1900.0,0.0,0.0
rabi,assam,jorhat,5251.0,5251.0,0.0,0.0
rabi,assam,kamrup,39705.0,39705.0,0.0,0.0
rabi,assam,kamrup metro,5.0,5.0,0.0,0.0
rabi,assam,karbi anglong,5355.0,5355.0,0.0,0.0
rabi,assam,karimganj,5240.0,5240.0,0.0,0.0
rabi,assam,kokrajhar,18796.0,18796.0,0.0,0.0
rabi,assam,lakhimpur,15180.0,15180.0,0.0,0.0
rabi,assam,marigaon,1931.0,1931.0,0.0,0.0
rabi,assam,morigaon,43748.0,43748.0,0.0,0.0
rabi,assam,nagaon,45201.0,45201.0,0.0,0.0
rabi,assam,nalbari,11097.0,11097.0,0.0,0.0
rabi,assam,sivasagar,2822.0,2822.0,0.0,0.0
rabi,assam,sonitpur,23609.0,23609.0,0.0,0.0
rabi,assam,tinsukia,240.0,240.0,0.0,0.0
rabi,assam,udalguri,5682.0,5682.0,0.0,0.0
rabi,bihar,araria,79219.0,79219.0,0.0,0.0
rabi,bihar,arwal,13857.0,13857.0,0.0,0.0
rabi,bihar,aurangabad,70319.0,70319.0,0.0,0.0
rabi,bihar,banka,37075.0,37075.0,0.0,0.0
rabi,bihar,begusarai,80857.0,80857.0,0.0,0.0
rabi,bihar,bhagalpur,69510.0,69510.0,0.0,0.0
rabi,bihar,bhojpur,71898.0,71898.0,0.0,0.0
rabi,bihar,buxar,79008.0,79008.0,0.0,0.0
rabi,bihar,darbhanga,67463.0,67463.0,0.0,0.0
rabi,bihar,gaya,72768.0,72768.0,0.0,0.0
rabi,bihar,gopalganj,84019.0,84019.0,0.0,0.0
rabi,bihar,jamui,44232.0,44232.0,0.0,0.0
rabi,bihar,jehanabad,23668.0,23668.0,0.0,0.0
rabi,bihar,kaimur,68512.0,68512.0,0.0,0.0
rabi,bihar,katihar,198108.0,198108.0,0.0,0.0
rabi,bihar,khagaria,70400.0,70400.0,0.0,0.0
rabi,bihar,kishanganj,34299.0,34299.0,0.0,0.0
rabi,bihar,lakhisarai,29691.0,29691.0,0.0,0.0
rabi,bihar,madhepura,65102.0,65102.0,0.0,0.0
rabi,bihar,madhubani,96115.0,96115.0,0.0,0.0
rabi,bihar,munger,15585.0,15585.0,0.0,0.0
rabi,bihar,muzaffarpur,114661.0,114661.0,0.0,0.0
rabi,bihar,nalanda,85497.0,85497.0,0.0,0.0
rabi,bihar,nawada,43414.0,43414.0,0.0,0.0
rabi,bihar,pashchim champaran,74281.0,74281.0,0.0,0.0
rabi,bihar,patna,70326.0,70326.0,0.0,0.0
rabi,bihar,purbi champaran,126629.0,126629.0,0.0,0.0
rabi,bihar,purnia,50232.0,50232.0,0.0,0.0
rabi,bihar,rohtas,140752.0,140752.0,0.0,0.0
rabi,bihar,saharsa,76360.0,76360.0,0.0,0.0
rabi,bihar,samastipur,107827.0,107827.0,0.0,0.0
rabi,bihar,saran,88426.0,88426.0,0.0,0.0
rabi,bihar,sheikhpura,22065.0,22065.0,0.0,0.0
rabi,bihar,sheohar,15850.0,15850.0,0.0,0.0
rabi,bihar,sitamarhi,92078.0,92078.0,0.0,0.0
rabi,bihar,siwan,97774.0,97774.0,0.0,0.0
rabi,bihar,supaul,70593.0,70593.0,0.0,0.0
rabi,bihar,vaishali,61160.0,61160.0,0.0,0.0
rabi,chandigarh,chandigarh,546.0,546.0,0.0,0.0
rabi,chhattisgarh,baloda bazar,7434.0,7434.0,0.0,0.0
rabi,chhattisgarh,balrampur,9024.0,9024.0,0.0,0.0
rabi,chhattisgarh,bastar,435.0,435.0,0.0,0.0
rabi,chhattisgarh,bemetara,15276.0,15276.0,0.0,0.0
rabi,chhattisgarh,bilaspur,6255.0,6255.0,0.0,0.0
rabi,chhattisgarh,dantewada,10.0,10.0,0.0,0.0
rabi,chhattisgarh,dhamtari,4547.0,4547.0,0.0,0.0
rabi,chhattisgarh,durg,6782.0,6782.0,0.0,0.0
rabi,chhattisgarh,gariyaband,332.0,332.0,0.0,0.0
rabi,chhattisgarh,janjgir-champa,1482.0,1482.0,0.0,0.0
rabi,chhattisgarh,jashpur,907.0,907.0,0.0,0.0
rabi,chhattisgarh,kabirdham,7047.0,7047.0,0.0,0.0
rabi,chhattisgarh,kanker,524.0,524.0,0.0,0.0
rabi,chhattisgarh,kondagaon,250.0,250.0,0.0,0.0
rabi,chhattisgarh,korba,411.0,411.0,0.0,0.0
rabi,chhattisgarh,korea,3424.0,3424.0,0.0,0.0
rabi,chhattisgarh,mahasamund,1569.0,1569.0,0.0,0.0
rabi,chhattisgarh,mungeli,5608.0,5608.0,0.0,0.0
rabi,chhattisgarh,narayanpur,24.0,24.0,0.0,0.0
rabi,chhattisgarh,raigarh,3002.0,3002.0,0.0,0.0
rabi,chhattisgarh,raipur,4316.0,4316.0,0.0,0.0
rabi,chhattisgarh,rajnandgaon,12798.0,12798.0,0.0,0.0
rabi,chhattisgarh,sukma,2.0,2.0,0.0,0.0
rabi,chhattisgarh,surajpur,5324.0,5324.0,0.0,0.0
rabi,chhattisgarh,surguja,5412.0,5412.0,0.0,0.0
rabi,dadra and nagar haveli,dadra and nagar haveli,409.0,408.99999999999994,-5.684341886080802e-14,5.684341886080802e-14
rabi,gujarat,ahmadabad,185439.0,185439.0,0.0,0.0
rabi,gujarat,amreli,9182.0,9182.0,0.0,0.0
rabi,gujarat,anand,85965.0,85965.0,0.0,0.0
rabi,gujarat,aravalli,290.0,290.0,0.0,0.0
rabi,gujarat,arvalli,77673.0,77673.0,0.0,0.0
rabi,gujarat,banas kantha,218957.0,218957.0,0.0,0.0
rabi,gujarat,bharuch,21900.0,21900.0,0.0,0.0
rabi,gujarat,bhavnagar,15458.0,15458.0,0.0,0.0
rabi,gujarat,botad,7763.0,7763.0,0.0,0.0
rabi,gujarat,chhotaudepur,15457.0,15457.0,0.0,0.0
rabi,gujarat,dang,2262.0,2262.0,0.0,0.0
rabi,gujarat,devbhumi dwarka,4034.0,4034.0,0.0,0.0
rabi,gujarat,dohad,70766.0,70766.0,0.0,0.0
rabi,gujarat,gandhinagar,36659.0,36659.0,0.0,0.0
rabi,gujarat,gir somnath,53380.0,53380.0,0.0,0.0
rabi,gujarat,jamnagar,7499.0,7499.0,0.0,0.0
rabi,gujarat,junagadh,47330.0,47330.0,0.0,0.0
rabi,gujarat,kachchh,22999.0,22999.0,0.0,0.0
rabi,gujarat,kheda,112174.0,112174.0,0.0,0.0
rabi,gujarat,mahesana,85479.0,85479.0,0.0,0.0
rabi,gujarat,mahisagar,34801.0,34801.0,0.0,0.0
rabi,gujarat,morbi,16069.0,16069.0,0.0,0.0
rabi,gujarat,narmada,3329.0,3329.0,0.0,0.0
rabi,gujarat,navsari,1750.0,1750.0,0.0,0.0
rabi,gujarat,panch mahals,34235.0,34235.0,0.0,0.0
rabi,gujarat,patan,41966.0,41966.0,0.0,0.0
rabi,gujarat,porbandar,17653.0,17653.0,0.0,0.0
rabi,gujarat,rajkot,60669.0,60669.0,0.0,0.0
rabi,gujarat,sabar kantha,95975.0,95975.0,0.0,0.0
rabi,gujarat,surat,11534.0,11534.0,0.0,0.0
rabi,gujarat,surendranagar,38121.0,38121.0,0.0,0.0
rabi,gujarat,tapi,7728.0,7728.0,0.0,0.0
rabi,gujarat,vadodara,31251.0,31251.0,0.0,0.0
rabi,gujarat,valsad,1178.0,1178.0,0.0,0.0
rabi,haryana,ambala,87200.0,87200.0,0.0,0.0
rabi,haryana,bhiwani,234800.0,234800.0,0.0,0.0
rabi,haryana,charki dadri,54800.0,54800.0,0.0,0.0
rabi,haryana,faridabad,30000.0,30000.0,0.0,0.0
rabi,haryana,fatehabad,188200.0,188200.0,0.0,0.0
rabi,haryana,gurgaon,43000.0,43000.0,0.0,0.0
rabi,haryana,hisar,223900.0,223900.0,0.0,0.0
rabi,haryana,jhajjar,106200.0,106200.0,0.0,0.0
rabi,haryana,jind,216300.0,216300.0,0.0,0.0
rabi,haryana,kaithal,173600.0,173600.0,0.0,0.0
rabi,haryana,karnal,176000.0,176000.0,0.0,0.0
rabi,haryana,kurukshetra,112600.0,112600.0,0.0,0.0
rabi,haryana,mahendragarh,49100.0,49100.0,0.0,0.0
rabi,haryana,mewat,77100.0,77100.0,0.0,0.0
rabi,haryana,palwal,93600.0,93600.0,0.0,0.0
rabi,haryana,panchkula,18000.0,18000.0,0.0,0.0
rabi,haryana,panipat,84300.0,84300.0,0.0,0.0
rabi,haryana,rewari,46100.0,46100.0,0.0,0.0
rabi,haryana,rohtak,104400.0,104400.0,0.0,0.0
rabi,haryana,sirsa,295300.0,295300.0,0.0,0.0
rabi,haryana,sonipat,144400.0,144400.0,0.0,0.0
rabi,haryana,yamunanagar,89000.0,89000.0,0.0,0.0
rabi,himachal pradesh,bilaspur,23801.0,23801.0,0.0,0.0
rabi,himachal pradesh,chamba,18678.0,18678.0,0.0,0.0
rabi,himachal pradesh,hamirpur,31038.0,31038.0,0.0,0.0
rabi,himachal pradesh,kangra,86828.0,86828.0,0.0,0.0
rabi,himachal pradesh,kinnaur,186.0,186.0,0.0,0.0
rabi,himachal pradesh,kullu,21846.0,21846.0,0.0,0.0
rabi,himachal pradesh,lahul and spiti,53.0,53.0,0.0,0.0
rabi,himachal pradesh,mandi,61043.0,61043.0,0.0,0.0
rabi,himachal pradesh,shimla,14099.0,14099.0,0.0,0.0
rabi,himachal pradesh,sirmaur,28146.0,28146.0,0.0,0.0
rabi,himachal pradesh,solan,27481.0,27481.0,0.0,0.0
rabi,himachal pradesh,una,29476.0,29476.0,0.0,0.0
rabi,jammu and kashmir,badgam,979.0,979.0,0.0,0.0
rabi,jammu and kashmir,doda,4754.0,4754.0,0.0,0.0
rabi,jammu and kashmir,jammu,86839.0,86839.0,0.0,0.0
rabi,jammu and kashmir,kargil,5415.0,5415.0,0.0,0.0
rabi,jammu and kashmir,kathua,51302.0,51302.0,0.0,0.0
rabi,jammu and kashmir,kishtwar,2406.0,2406.0,0.0,0.0
rabi,jammu and kashmir,leh ladakh,6833.0,6833.0,0.0,0.0
rabi,jammu and kashmir,poonch,15013.0,15013.0,0.0,0.0
rabi,jammu and kashmir,pulwama,294.0,294.0,0.0,0.0
rabi,jammu and kashmir,rajauri,46847.0,46847.0,0.0,0.0
rabi,jammu and kashmir,ramban,4452.0,4452.0,0.0,0.0
rabi,jammu and kashmir,reasi,13970.0,13970.0,0.0,0.0
rabi,jammu and kashmir,samba,29075.0,29075.0,0.0,0.0
rabi,jammu and kashmir,udhampur,39810.0,39810.0,0.0,0.0
rabi,jharkhand,bokaro,4143.0,4143.0,0.0,0.0
rabi,jharkhand,chatra,10955.0,10955.0,0.0,0.0
rabi,jharkhand,deoghar,10376.0,10376.0,0.0,0.0
rabi,jharkhand,dhanbad,3218.0,3218.0,0.0,0.0
rabi,jharkhand,dumka,14030.0,14030.0,0.0,0.0
rabi,jharkhand,east singhbum,6730.0,6730.0,0.0,0.0
rabi,jharkhand,garhwa,14845.0,14845.0,0.0,0.0
rabi,jharkhand,giridih,10500.0,10500.0,0.0,0.0
rabi,jharkhand,godda,13303.0,13303.0,0.0,0.0
rabi,jharkhand,gumla,8618.0,8618.0,0.0,0.0
rabi,jharkhand,hazaribagh,13890.0,13890.0,0.0,0.0
rabi,jharkhand,jamtara,6958.0,6958.0,0.0,0.0
rabi,jharkhand,khunti,7023.0,7023.0,0.0,0.0
rabi,jharkhand,koderma,8597.0,8597.0,0.0,0.0
rabi,jharkhand,latehar,8640.0,8640.0,0.0,0.0
rabi,jharkhand,lohardaga,7525.0,7525.0,0.0,0.0
rabi,jharkhand,pakur,9252.0,9252.0,0.0,0.0
rabi,jharkhand,palamu,19133.0,19133.0,0.0,0.0
rabi,jharkhand,ramgarh,3724.0,3724.0,0.0,0.0
rabi,jharkhand,ranchi,16815.0,16815.0,0.0,0.0
rabi,jharkhand,sahebganj,937.0,937.0,0.0,0.0
rabi,jharkhand,sahibganj,11846.0,11846.0,0.0,0.0
rabi,jharkhand,saraikela kharsawan,5360.0,5360.0,0.0,0.0
rabi,jharkhand,simdega,10590.0,10590.0,0.0,0.0
rabi,jharkhand,west singhbhum,4088.0,4088.0,0.0,0.0
rabi,karnataka,bagalkot,43787.0,43787.0,0.0,0.0
rabi,karnataka,bagalkote,110581.0,110581.0,0.0,0.0
rabi,karnataka,ballari,79763.0,79763.0,0.0,0.0
rabi,karnataka,bangalore rural,398.0,398.0,0.0,0.0
rabi,karnataka,belagavi,213689.0,213689.0,0.0,0.0
rabi,karnataka,bengaluru urban,341.0,341.0,0.0,0.0
rabi,karnataka,bidar,27161.0,27161.0,0.0,0.0
rabi,karnataka,chamarajanagara,7397.0,7397.0,0.0,0.0
rabi,karnataka,chamrajnagar,503.0,503.0,0.0,0.0
rabi,karnataka,chikballapura,1132.0,1132.0,0.0,0.0
rabi,karnataka,chikkaballapura,188.0,188.0,0.0,0.0
rabi,karnataka,chikmagalur,15543.0,15543.0,0.0,0.0
rabi,karnataka,chitradurga,19617.0,19617.0,0.0,0.0
rabi,karnataka,dakshina kannada,9819.0,9819.0,0.0,0.0
rabi,karnataka,davanagere,11301.0,11301.0,0.0,0.0
rabi,karnataka,davangere,48528.0,48528.0,0.0,0.0
rabi,karnataka,dharwad,98130.0,98130.0,0.0,0.0
rabi,karnataka,gadag,96247.0,96247.0,0.0,0.0
rabi,karnataka,hassan,5253.0,5253.0,0.0,0.0
rabi,karnataka,haveri,51185.0,51185.0,0.0,0.0
rabi,karnataka,kalaburagi,222460.0,222460.0,0.0,0.0
rabi,karnataka,kodagu,17.0,17.0,0.0,0.0
rabi,karnataka,kolar,736.0,736.0,0.0,0.0
rabi,karnataka,koppal,74033.0,74033.0,0.0,0.0
rabi,karnataka,mandya,41492.0,41492.0,0.0,0.0
rabi,karnataka,mysuru,32088.0,32088.0,0.0,0.0
rabi,karnataka,raichur,90715.0,90715.0,0.0,0.0
rabi,karnataka,ramanagara,1080.0,1080.0,0.0,0.0
rabi,karnataka,shivamogga,14861.0,14861.0,0.0,0.0
rabi,karnataka,tumakuru,634.0,634.0,0.0,0.0
rabi,karnataka,tumkur,933.0,933.0,0.0,0.0
rabi,karnataka,udupi,4548.0,4548.0,0.0,0.0
rabi,karnataka,uttara kannada,2962.0,2962.0,0.0,0.0
rabi,karnataka,vijayapura,199192.0,199192.0,0.0,0.0
rabi,karnataka,yadagiri,4902.0,4902.0,0.0,0.0
rabi,karnataka,yadgir,92161.0,92161.0,0.0,0.0
rabi,kerala,alappuzha,21689.0,21689.0,0.0,0.0
rabi,kerala,ernakulam,1136.0,1136.0,0.0,0.0
rabi,kerala,idukki,64.0,64.0,0.0,0.0
rabi,kerala,kannur,12.0,12.0,0.0,0.0
rabi,kerala,kasaragod,293.0,293.0,0.0,0.0
rabi,kerala,kollam,327.0,327.0,0.0,0.0
rabi,kerala,kottayam,8300.0,8300.0,0.0,0.0
rabi,kerala,kozhikode,909.0,909.0,0.0,0.0
rabi,kerala,malappuram,2456.0,2456.0,0.0,0.0
rabi,kerala,palakkad,2005.0,2005.0,0.0,0.0
rabi,kerala,pathanamthitta,2637.0,2637.0,0.0,0.0
rabi,kerala,thiruvananthapuram,384.0,384.0,0.0,0.0
rabi,kerala,thrissur,8846.0,8846.0,0.0,0.0
rabi,kerala,wayanad,635.0,635.0,0.0,0.0
rabi,madhya pradesh,agar malwa,46000.0,46000.0,0.0,0.0
rabi,madhya pradesh,alirajpur,33040.0,33040.0,0.0,0.0
rabi,madhya pradesh,anuppur,16730.0,16730.0,0.0,0.0
rabi,madhya pradesh,ashoknagar,143450.0,143450.0,0.0,0.0
rabi,madhya pradesh,balaghat,60810.0,60810.0,0.0,0.0
rabi,madhya pradesh,barwani,48740.0,48740.0,0.0,0.0
rabi,madhya pradesh,betul,104450.0,104450.0,0.0,0.0
rabi,madhya pradesh,bhind,110400.0,110400.0,0.0,0.0
rabi,madhya pradesh,bhopal,81020.0,81020.0,0.0,0.0
rabi,madhya pradesh,burhanpur,21440.0,21440.0,0.0,0.0
rabi,madhya pradesh,chhatarpur,175310.0,175310.0,0.0,0.0
rabi,madhya pradesh,chhindwara,182000.0,182000.0,0.0,0.0
rabi,madhya pradesh,damoh,81680.0,81680.0,0.0,0.0
rabi,madhya pradesh,datia,120800.0,120800.0,0.0,0.0
rabi,madhya pradesh,dewas,170960.0,170960.0,0.0,0.0
rabi,madhya pradesh,dhar,210370.0,210370.0,0.0,0.0
rabi,madhya pradesh,dindori,44000.0,44000.0,0.0,0.0
rabi,madhya pradesh,guna,112400.0,112400.0,0.0,0.0
rabi,madhya pradesh,gwalior,65210.0,65210.0,0.0,0.0
rabi,madhya pradesh,harda,119200.0,119200.0,0.0,0.0
rabi,madhya pradesh,hoshangabad,232400.0,232400.0,0.0,0.0
rabi,madhya pradesh,indore,114050.0,114050.0,0.0,0.0
rabi,madhya pradesh,jabalpur,171560.0,171560.0,0.0,0.0
rabi,madhya pradesh,jhabua,59220.0,59220.0,0.0,0.0
rabi,madhya pradesh,katni,131640.0,131640.0,0.0,0.0
rabi,madhya pradesh,khandwa,147010.0,147010.0,0.0,0.0
rabi,madhya pradesh,khargone,138800.0,138800.0,0.0,0.0
rabi,madhya pradesh,mandla,46000.0,46000.0,0.0,0.0
rabi,madhya pradesh,mandsaur,86900.0,86900.0,0.0,0.0
rabi,madhya pradesh,morena,97000.0,97000.0,0.0,0.0
rabi,madhya pradesh,narsinghpur,92500.0,92500.0,0.0,0.0
rabi,madhya pradesh,neemuch,39880.0,39880.0,0.0,0.0
rabi,madhya pradesh,panna,77790.0,77790.0,0.0,0.0
rabi,madhya pradesh,raisen,197620.0,197620.0,0.0,0.0
rabi,madhya pradesh,rajgarh,152010.0,152010.0,0.0,0.0
rabi,madhya pradesh,ratlam,110400.0,110400.0,0.0,0.0
rabi,madhya pradesh,rewa,173600.0,173600.0,0.0,0.0
rabi,madhya pradesh,sagar,278000.0,278000.0,0.0,0.0
rabi,madhya pradesh,satna,156800.0,156800.0,0.0,0.0
rabi,madhya pradesh,sehore,197400.0,197400.0,0.0,0.0
rabi,madhya pradesh,seoni,204250.0,204250.0,0.0,0.0
rabi,madhya pradesh,shahdol,28900.0,28900.0,0.0,0.0
rabi,madhya pradesh,shajapur,79820.0,79820.0,0.0,0.0
rabi,madhya pradesh,sheopur,86000.0,86000.0,0.0,0.0
rabi,madhya pradesh,shivpuri,76900.0,76900.0,0.0,0.0
rabi,madhya pradesh,sidhi,62700.0,62700.0,0.0,0.0
rabi,madhya pradesh,singrauli,39500.0,39500.0,0.0,0.0
rabi,madhya pradesh,tikamgarh,97190.0,97190.0,0.0,0.0
rabi,madhya pradesh,ujjain,220860.0,220860.0,0.0,0.0
rabi,madhya pradesh,umaria,41790.0,41790.0,0.0,0.0
rabi,madhya pradesh,vidisha,264190.0,264190.0,0.0,0.0
rabi,maharashtra,ahmadnagar,679679.0,679679.0,0.0,0.0
rabi,maharashtra,akola,15856.0,15856.0,0.0,0.0
rabi,maharashtra,amravati,40720.0,40720.0,0.0,0.0
rabi,maharashtra,aurangabad,235513.0,235513.0,0.0,0.0
rabi,maharashtra,beed,595129.0,595129.0,0.0,0.0
rabi,maharashtra,bhandara,18927.0,18927.0,0.0,0.0
rabi,maharashtra,buldana,49151.0,49151.0,0.0,0.0
rabi,maharashtra,buldhana,7761.0,7761.0,0.0,0.0
rabi,maharashtra,chandrapur,22628.0,22628.0,0.0,0.0
rabi,maharashtra,dhule,75142.0,75142.0,0.0,0.0
rabi,maharashtra,gadchiroli,5854.0,5854.0,0.0,0.0
rabi,maharashtra,gondia,7695.0,7695.0,0.0,0.0
rabi,maharashtra,hingoli,41819.0,41819.0,0.0,0.0
rabi,maharashtra,jalgaon,168580.0,168580.0,0.0,0.0
rabi,maharashtra,jalna,130940.0,130940.0,0.0,0.0
rabi,maharashtra,kolhapur,21696.0,21696.0,0.0,0.0
rabi,maharashtra,latur,54643.0,54643.0,0.0,0.0
rabi,maharashtra,nagpur,135837.0,135837.0,0.0,0.0
rabi,maharashtra,nanded,87561.0,87561.0,0.0,0.0
rabi,maharashtra,nandurbar,38648.0,38648.0,0.0,0.0
rabi,maharashtra,nashik,123242.0,123242.0,0.0,0.0
rabi,maharashtra,osmanabad,202165.0,202165.0,0.0,0.0
rabi,maharashtra,palghar,1245.0,1245.0,0.0,0.0
rabi,maharashtra,parbhani,142071.0,142071.0,0.0,0.0
rabi,maharashtra,pune,323628.0,323628.0,0.0,0.0
rabi,maharashtra,raigad,3737.0,3737.0,0.0,0.0
rabi,maharashtra,ratnagiri,29.0,29.0,0.0,0.0
rabi,maharashtra,sangli,187684.0,187684.0,0.0,0.0
rabi,maharashtra,satara,188686.0,188686.0,0.0,0.0
rabi,maharashtra,sindhudurg,1520.0,1520.0,0.0,0.0
rabi,maharashtra,solapur,779909.0,779909.0,0.0,0.0
rabi,maharashtra,thane,49.5,49.5,0.0,0.0
rabi,maharashtra,wardha,18524.0,18524.0,0.0,0.0
rabi,maharashtra,washim,10392.0,10392.0,0.0,0.0
rabi,maharashtra,yavatmal,14826.0,14826.0,0.0,0.0
rabi,manipur,bishnupur,1010.0,1010.0,0.0,0.0
rabi,manipur,chandel,820.0,820.0,0.0,0.0
rabi,manipur,churachandpur,1360.0,1360.0,0.0,0.0
rabi,manipur,imphal east,1020.0,1020.0,0.0,0.0
rabi,manipur,imphal west,1000.0,1000.0,0.0,0.0
rabi,manipur,senapati,1460.0,1460.0,0.0,0.0
rabi,manipur,tamenglong,910.0,910.0,0.0,0.0
rabi,manipur,thoubal,1060.0,1060.0,0.0,0.0
rabi,manipur,ukhrul,730.0,730.0,0.0,0.0
rabi,meghalaya,east garo hills,48.0,48.0,0.0,0.0
rabi,meghalaya,east jaintia hills,23.0,23.0,0.0,0.0
rabi,meghalaya,east khasi hills,133.0,133.0,0.0,0.0
rabi,meghalaya,north garo hills,131.0,131.0,0.0,0.0
rabi,meghalaya,ri bhoi,193.0,193.0,0.0,0.0
rabi,meghalaya,south garo hills,280.0,280.0,0.0,0.0
rabi,meghalaya,south west garo hills,5136.0,5136.0,0.0,0.0
rabi,meghalaya,south west khasi hills,39.0,39.0,0.0,0.0
rabi,meghalaya,west garo hills,8051.0,8051.0,0.0,0.0
rabi,meghalaya,west jaintia hills,81.0,81.0,0.0,0.0
rabi,meghalaya,west khasi hills,28.0,28.0,0.0,0.0
rabi,mizoram,aizawl,33.0,33.0,0.0,0.0
rabi,mizoram,champhai,1.0,1.0,0.0,0.0
rabi,mizoram,kolasib,143.0,143.0,0.0,0.0
rabi,mizoram,lawngtlai,198.0,198.0,0.0,0.0
rabi,mizoram,lunglei,169.2,169.2,0.0,0.0
rabi,mizoram,mamit,48.0,48.0,0.0,0.0
rabi,mizoram,saiha,370.0,370.0,0.0,0.0
rabi,mizoram,serchhip,30.0,30.0,0.0,0.0
rabi,nagaland,dimapur,4690.0,4690.0,0.0,0.0
rabi,nagaland,kiphire,310.0,310.0,0.0,0.0
rabi,nagaland,kohima,370.0,370.0,0.0,0.0
rabi,nagaland,mokokchung,1230.0,1230.0,0.0,0.0
rabi,nagaland,mon,3140.0,3140.0,0.0,0.0
rabi,nagaland,peren,1150.0,1150.0,0.0,0.0
rabi,nagaland,phek,1080.0,1080.0,0.0,0.0
rabi,nagaland,tuensang,340.0,340.0,0.0,0.0
rabi,nagaland,wokha,1360.0,1360.0,0.0,0.0
rabi,nagaland,zunheboto,320.0,320.0,0.0,0.0
rabi,odisha,anugul,116.0,116.0,0.0,0.0
rabi,odisha,balangir,1343.0,1343.0,0.0,0.0
rabi,odisha,baleshwar,26490.0,26490.0,0.0,0.0
rabi,odisha,bargarh,64061.0,64061.0,0.0,0.0
rabi,odisha,bhadrak,1510.0,1510.0,0.0,0.0
rabi,odisha,boudh,1040.0,1040.0,0.0,0.0
rabi,odisha,cuttack,350.0,350.0,0.0,0.0
rabi,odisha,dhenkanal,165.0,165.0,0.0,0.0
rabi,odisha,gajapati,898.0,898.0,0.0,0.0
rabi,odisha,ganjam,48.0,48.0,0.0,0.0
rabi,odisha,jagatsinghapur,900.0,900.0,0.0,0.0
rabi,odisha,jajapur,1260.0,1260.0,0.0,0.0
rabi,odisha,jharsuguda,593.0,593.0,0.0,0.0
rabi,odisha,kalahandi,28663.0,28663.0,0.0,0.0
rabi,odisha,kandhamal,120.0,120.0,0.0,0.0
rabi,odisha,kendrapara,70.0,70.0,0.0,0.0
rabi,odisha,kendujhar,948.0,948.0,0.0,0.0
rabi,odisha,khordha,420.0,420.0,0.0,0.0
rabi,odisha,koraput,23954.0,23954.0,0.0,0.0
rabi,odisha,malkangiri,2237.0,2237.0,0.0,0.0
rabi,odisha,mayurbhanj,4293.0,4293.0,0.0,0.0
rabi,odisha,nabarangpur,2815.0,2815.0,0.0,0.0
rabi,odisha,nuapada,2420.0,2420.0,0.0,0.0
rabi,odisha,puri,16510.0,16510.0,0.0,0.0
rabi,odisha,rayagada,2072.0,2072.0,0.0,0.0
rabi,odisha,sambalpur,7920.0,7920.0,0.0,0.0
rabi,odisha,sonepur,32850.0,32850.0,0.0,0.0
rabi,odisha,sundargarh,189.0,189.0,0.0,0.0
rabi,puducherry,karaikal,3660.0,3660.0,0.0,0.0
rabi,puducherry,pondicherry,9240.0,9240.0,0.0,0.0
rabi,puducherry,yanam,179.0,179.0,0.0,0.0
rabi,punjab,amritsar,189000.0,189000.0,0.0,0.0
rabi,punjab,barnala,114000.0,114000.0,0.0,0.0
rabi,punjab,bathinda,254000.0,254000.0,0.0,0.0
rabi,punjab,faridkot,116000.0,116000.0,0.0,0.0
rabi,punjab,fatehgarh sahib,85000.0,85000.0,0.0,0.0
rabi,punjab,fazilka,210000.0,210000.0,0.0,0.0
rabi,punjab,firozpur,187000.0,187000.0,0.0,0.0
rabi,punjab,gurdaspur,185000.0,185000.0,0.0,0.0
rabi,punjab,hoshiarpur,143000.0,143000.0,0.0,0.0
rabi,punjab,jalandhar,170000.0,170000.0,0.0,0.0
rabi,punjab,kapurthala,108000.0,108000.0,0.0,0.0
rabi,punjab,ludhiana,252000.0,252000.0,0.0,0.0
rabi,punjab,mansa,172000.0,172000.0,0.0,0.0
rabi,punjab,moga,175000.0,175000.0,0.0,0.0
rabi,punjab,muktsar,211000.0,211000.0,0.0,0.0
rabi,punjab,pathankot,41000.0,41000.0,0.0,0.0
rabi,punjab,patiala,232000.0,232000.0,0.0,0.0
rabi,punjab,rupnagar,67000.0,67000.0,0.0,0.0
rabi,punjab,sangrur,288000.0,288000.0,0.0,0.0
rabi,punjab,shahid bhagat singh nagar,127000.0,127000.0,0.0,0.0
rabi,punjab,tarn taran,186000.0,186000.0,0.0,0.0
rabi,rajasthan,ajmer,40328.0,40328.0,0.0,0.0
rabi,rajasthan,alwar,203829.0,203829.0,0.0,0.0
rabi,rajasthan,banswara,87368.0,87368.0,0.0,0.0
rabi,rajasthan,baran,115747.0,115747.0,0.0,0.0
rabi,rajasthan,barmer,14541.0,14541.0,0.0,0.0
rabi,rajasthan,bharatpur,156374.0,156374.0,0.0,0.0
rabi,rajasthan,bhilwara,102802.0,102802.0,0.0,0.0
rabi,rajasthan,bikaner,108299.0,108299.0,0.0,0.0
rabi,rajasthan,bundi,146747.0,146747.0,0.0,0.0
rabi,rajasthan,chittaurgarh,153587.0,153587.0,0.0,0.0
rabi,rajasthan,churu,33489.0,33489.0,0.0,0.0
rabi,rajasthan,dausa,90546.0,90546.0,0.0,0.0
rabi,rajasthan,dholpur,61287.0,61287.0,0.0,0.0
rabi,rajasthan,dungarpur,47729.0,47729.0,0.0,0.0
rabi,rajasthan,ganganagar,262110.0,262110.0,0.0,0.0
rabi,rajasthan,hanumangarh,244534.0,244534.0,0.0,0.0
rabi,rajasthan,jaipur,140904.0,140904.0,0.0,0.0
rabi,rajasthan,jaisalmer,8983.0,8983.0,0.0,0.0
rabi,rajasthan,jalore,46938.0,46938.0,0.0,0.0
rabi,rajasthan,jhalawar,102202.0,102202.0,0.0,0.0
rabi,rajasthan,jhunjhunun,85956.0,85956.0,0.0,0.0
rabi,rajasthan,jodhpur,66071.0,66071.0,0.0,0.0
rabi,rajasthan,karauli,75421.0,75421.0,0.0,0.0
rabi,rajasthan,kota,120490.0,120490.0,0.0,0.0
rabi,rajasthan,nagaur,53677.0,53677.0,0.0,0.0
rabi,rajasthan,pali,82074.0,82074.0,0.0,0.0
rabi,rajasthan,pratapgarh,64522.0,64522.0,0.0,0.0
rabi,rajasthan,rajsamand,34327.0,34327.0,0.0,0.0
rabi,rajasthan,sawai madhopur,64273.0,64273.0,0.0,0.0
rabi,rajasthan,sikar,86085.0,86085.0,0.0,0.0
rabi,rajasthan,sirohi,22239.0,22239.0,0.0,0.0
rabi,rajasthan,tonk,45842.0,45842.0,0.0,0.0
rabi,rajasthan,udaipur,80937.0,80937.0,0.0,0.0
rabi,sikkim,east district,120.0,120.0,0.0,0.0
rabi,sikkim,north district,52.0,52.0,0.0,0.0
rabi,tamil nadu,ariyalur,2686.0,2686.0,0.0,0.0
rabi,tamil nadu,coimbatore,10037.0,10037.0,0.0,0.0
rabi,tamil nadu,cuddalore,8495.0,8495.0,0.0,0.0
rabi,tamil nadu,dharmapuri,11946.0,11946.0,0.0,0.0
rabi,tamil nadu,dindigul,55834.0,55834.0,0.0,0.0
rabi,tamil nadu,erode,8556.0,8556.0,0.0,0.0
rabi,tamil nadu,kancheepuram,22227.0,22227.0,0.0,0.0
rabi,tamil nadu,kanchipuram,122.0,122.0,0.0,0.0
rabi,tamil nadu,kanniyakumari,118.0,118.0,0.0,0.0
rabi,tamil nadu,karur,10640.0,10640.0,0.0,0.0
rabi,tamil nadu,krishnagiri,14988.0,14988.0,0.0,0.0
rabi,tamil nadu,madurai,7759.0,7759.0,0.0,0.0
rabi,tamil nadu,nagapattinam,13.0,13.0,0.0,0.0
rabi,tamil nadu,nagappattinam,304.0,304.0,0.0,0.0
rabi,tamil nadu,namakkal,31308.0,31308.0,0.0,0.0
rabi,tamil nadu,perambalur,4291.0,4291.0,0.0,0.0
rabi,tamil nadu,pudukkottai,3325.0,3325.0,0.0,0.0
rabi,tamil nadu,ramanathapuram,5286.0,5286.0,0.0,0.0
rabi,tamil nadu,salem,30735.0,30735.0,0.0,0.0
rabi,tamil nadu,sivaganga,345.0,345.0,0.0,0.0
rabi,tamil nadu,thanjavur,13851.0,13851.0,0.0,0.0
rabi,tamil nadu,theni,10491.0,10491.0,0.0,0.0
rabi,tamil nadu,thiruvallur,25082.0,25082.0,0.0,0.0
rabi,tamil nadu,thiruvarur,10043.0,10043.0,0.0,0.0
rabi,tamil nadu,tiruchirappalli,8696.0,8696.0,0.0,0.0
rabi,tamil nadu,tirunelveli,35234.0,35234.0,0.0,0.0
rabi,tamil nadu,tiruppur,42620.0,42620.0,0.0,0.0
rabi,tamil nadu,tiruvannamalai,67008.0,67008.0,0.0,0.0
rabi,tamil nadu,tuticorin,63104.0,63104.0,0.0,0.0
rabi,tamil nadu,vellore,28670.0,28670.0,0.0,0.0
rabi,tamil nadu,villupuram,2011.0,2011.0,0.0,0.0
rabi,tamil nadu,viluppuram,53245.0,53245.0,0.0,0.0
rabi,tamil nadu,virudhunagar,3191.0,3191.0,0.0,0.0
rabi,tamil nadu,virudunagar,27770.0,27770.0,0.0,0.0
rabi,telangana,adilabad,5752.0,5752.0,0.0,0.0
rabi,telangana,bhadradri,11934.0,11934.0,0.0,0.0
rabi,telangana,hanumakonda,31794.0,31794.0,0.0,0.0
rabi,telangana,jagitial,60700.0,60700.0,0.0,0.0
rabi,telangana,jangoan,30387.0,30387.0,0.0,0.0
rabi,telangana,jayashankar,30599.0,30599.0,0.0,0.0
rabi,telangana,jogulamba,12000.0,12000.0,0.0,0.0
rabi,telangana,kamareddy,60505.0,60505.0,0.0,0.0
rabi,telangana,karimnagar,63594.0,63594.0,0.0,0.0
rabi,telangana,khammam,75213.0,75213.0,0.0,0.0
rabi,telangana,komaram bheem asifabad,5829.0,5829.0,0.0,0.0
rabi,telangana,mahabubabad,23984.0,23984.0,0.0,0.0
rabi,telangana,mahbubnagar,29376.0,29376.0,0.0,0.0
rabi,telangana,mancherial,18466.0,18466.0,0.0,0.0
rabi,telangana,medak,39025.0,39025.0,0.0,0.0
rabi,telangana,medchal malkajgiri,4687.0,4687.0,0.0,0.0
rabi,telangana,nagarkurnool,18588.0,18588.0,0.0,0.0
rabi,telangana,nalgonda,97148.0,97148.0,0.0,0.0
rabi,telangana,nirmal,38346.0,38346.0,0.0,0.0
rabi,telangana,nizamabad,92894.0,92894.0,0.0,0.0
rabi,telangana,peddapalli,42409.0,42409.0,0.0,0.0
rabi,telangana,rajanna,23316.0,23316.0,0.0,0.0
rabi,telangana,rangareddi,14616.0,14616.0,0.0,0.0
rabi,telangana,sangareddy,24098.0,24098.0,0.0,0.0
rabi,telangana,siddipet,55218.0,55218.0,0.0,0.0
rabi,telangana,suryapet,88434.0,88434.0,0.0,0.0
rabi,telangana,vikarabad,13257.0,13257.0,0.0,0.0
rabi,telangana,wanaparthy,22025.0,22025.0,0.0,0.0
rabi,telangana,warangal,36978.0,36978.0,0.0,0.0
rabi,telangana,yadadri,47893.0,47893.0,0.0,0.0
rabi,tripura,dhalai,2137.0,2137.0,0.0,0.0
rabi,tripura,gomati,16165.0,16165.0,0.0,0.0
rabi,tripura,khowai,7445.0,7445.0,0.0,0.0
rabi,tripura,north tripura,954.0,954.0,0.0,0.0
rabi,tripura,sepahijala,19445.0,19445.0,0.0,0.0
rabi,tripura,south tripura,17804.0,17804.0,0.0,0.0
rabi,tripura,unakoti,1146.0,1146.0,0.0,0.0
rabi,tripura,west tripura,9463.0,9463.0,0.0,0.0
rabi,uttar pradesh,agra,137255.0,137255.0,0.0,0.0
rabi,uttar pradesh,aligarh,223873.0,223873.0,0.0,0.0
rabi,uttar pradesh,allahabad,210371.0,210371.0,0.0,0.0
rabi,uttar pradesh,ambedkar nagar,118151.0,118151.0,0.0,0.0
rabi,uttar pradesh,amethi,128891.0,128891.0,0.0,0.0
rabi,uttar pradesh,amroha,90599.0,90599.0,0.0,0.0
rabi,uttar pradesh,auraiya,102459.0,102459.0,0.0,0.0
rabi,uttar pradesh,azamgarh,235493.0,235493.0,0.0,0.0
rabi,uttar pradesh,baghpat,56716.0,56716.0,0.0,0.0
rabi,uttar pradesh,bahraich,170632.0,170632.0,0.0,0.0
rabi,uttar pradesh,ballia,140540.0,140540.0,0.0,0.0
rabi,uttar pradesh,balrampur,82917.0,82917.0,0.0,0.0
rabi,uttar pradesh,banda,158943.0,158943.0,0.0,0.0
rabi,uttar pradesh,barabanki,169247.0,169247.0,0.0,0.0
rabi,uttar pradesh,bareilly,196255.0,196255.0,0.0,0.0
rabi,uttar pradesh,basti,119799.0,119799.0,0.0,0.0
rabi,uttar pradesh,bijnor,157355.0,157355.0,0.0,0.0
rabi,uttar pradesh,budaun,224180.0,224180.0,0.0,0.0
rabi,uttar pradesh,bulandshahr,193345.0,193345.0,0.0,0.0
rabi,uttar pradesh,chandauli,111888.0,111888.0,0.0,0.0
rabi,uttar pradesh,chitrakoot,49783.0,49783.0,0.0,0.0
rabi,uttar pradesh,deoria,155615.0,155615.0,0.0,0.0
rabi,uttar pradesh,etah,138008.0,138008.0,0.0,0.0
rabi,uttar pradesh,etawah,96708.0,96708.0,0.0,0.0
rabi,uttar pradesh,faizabad,110575.0,110575.0,0.0,0.0
rabi,uttar pradesh,farrukhabad,76330.0,76330.0,0.0,0.0
rabi,uttar pradesh,fatehpur,170181.0,170181.0,0.0,0.0
rabi,uttar pradesh,firozabad,96485.0,96485.0,0.0,0.0
rabi,uttar pradesh,ghaziabad,27714.0,27714.0,0.0,0.0
rabi,uttar pradesh,ghazipur,166397.0,166397.0,0.0,0.0
rabi,uttar pradesh,gonda,156724.0,156724.0,0.0,0.0
rabi,uttar pradesh,gorakhpur,192467.0,192467.0,0.0,0.0
rabi,uttar pradesh,hamirpur,113501.0,113501.0,0.0,0.0
rabi,uttar pradesh,hapur,42904.0,42904.0,0.0,0.0
rabi,uttar pradesh,hardoi,315187.0,315187.0,0.0,0.0
rabi,uttar pradesh,hathras,83341.0,83341.0,0.0,0.0
rabi,uttar pradesh,jalaun,160380.0,160380.0,0.0,0.0
rabi,uttar pradesh,jaunpur,207933.0,207933.0,0.0,0.0
rabi,uttar pradesh,jhansi,149641.0,149641.0,0.0,0.0
rabi,uttar pradesh,kannauj,88427.0,88427.0,0.0,0.0
rabi,uttar pradesh,kanpur dehat,120931.0,120931.0,0.0,0.0
rabi,uttar pradesh,kanpur nagar,150054.0,150054.0,0.0,0.0
rabi,uttar pradesh,kasganj,98110.0,98110.0,0.0,0.0
rabi,uttar pradesh,kaushambi,73009.0,73009.0,0.0,0.0
rabi,uttar pradesh,kheri,1248.0,1248.0,0.0,0.0
rabi,uttar pradesh,kushi nagar,5592.0,5592.0,0.0,0.0
rabi,uttar pradesh,kushinagar,117733.0,117733.0,0.0,0.0
rabi,uttar pradesh,lakhimpur kheri,190743.0,190743.0,0.0,0.0
rabi,uttar pradesh,lalitpur,152659.0,152659.0,0.0,0.0
rabi,uttar pradesh,lucknow,81721.0,81721.0,0.0,0.0
rabi,uttar pradesh,maharajganj,145918.0,145918.0,0.0,0.0
rabi,uttar pradesh,mahoba,48405.0,48405.0,0.0,0.0
rabi,uttar pradesh,mainpuri,151533.0,151533.0,0.0,0.0
rabi,uttar pradesh,mathura,200458.0,200458.0,0.0,0.0
rabi,uttar pradesh,mau,95556.0,95556.0,0.0,0.0
rabi,uttar pradesh,meerut,75878.0,75878.0,0.0,0.0
rabi,uttar pradesh,mirzapur,94696.0,94696.0,0.0,0.0
rabi,uttar pradesh,moradabad,123771.0,123771.0,0.0,0.0
rabi,uttar pradesh,muzaffarnagar,85628.0,85628.0,0.0,0.0
rabi,uttar pradesh,pilibhit,141486.0,141486.0,0.0,0.0
rabi,uttar pradesh,pratapgarh,148382.0,148382.0,0.0,0.0
rabi,uttar pradesh,rae bareli,132356.0,132356.0,0.0,0.0
rabi,uttar pradesh,rampur,155413.0,155413.0,0.0,0.0
rabi,uttar pradesh,saharanpur,111971.0,111971.0,0.0,0.0
rabi,uttar pradesh,sambhal,142449.0,142449.0,0.0,0.0
rabi,uttar pradesh,sant kabeer nagar,90684.0,90684.0,0.0,0.0
rabi,uttar pradesh,sant ravi das nagar,49038.0,49038.0,0.0,0.0
rabi,uttar pradesh,sant ravidas nagar,53.0,53.0,0.0,0.0
rabi,uttar pradesh,shahajahanpur,253705.0,253705.0,0.0,0.0
rabi,uttar pradesh,shamli,49696.0,49696.0,0.0,0.0
rabi,uttar pradesh,shravasti,69171.0,69171.0,0.0,0.0
rabi,uttar pradesh,siddharth nagar,158298.0,158298.0,0.0,0.0
rabi,uttar pradesh,sitapur,211147.0,211147.0,0.0,0.0
rabi,uttar pradesh,sonbhadra,54368.0,54368.0,0.0,0.0
rabi,uttar pradesh,sultanpur,114911.0,114911.0,0.0,0.0
rabi,uttar pradesh,unnao,245199.0,245199.0,0.0,0.0
rabi,uttar pradesh,varanasi,69408.0,69408.0,0.0,0.0
rabi,uttarakhand,almora,28126.0,28126.0,0.0,0.0
rabi,uttarakhand,bageshwar,17030.0,17030.0,0.0,0.0
rabi,uttarakhand,chamoli,14398.0,14398.0,0.0,0.0
rabi,uttarakhand,champawat,6246.0,6246.0,0.0,0.0
rabi,uttarakhand,dehradun,16849.0,16849.0,0.0,0.0
rabi,uttarakhand,hardwar,44648.0,44648.0,0.0,0.0
rabi,uttarakhand,haridwar,11.0,11.0,0.0,0.0
rabi,uttarakhand,nainital,22244.0,22244.0,0.0,0.0
rabi,uttarakhand,pauri garhwal,13443.0,13443.0,0.0,0.0
rabi,uttarakhand,pithoragarh,21204.0,21204.0,0.0,0.0
rabi,uttarakhand,rudra prayag,9914.0,9914.0,0.0,0.0
rabi,uttarakhand,tehri garhwal,20688.0,20688.0,0.0,0.0
rabi,uttarakhand,udam singh nagar,47.0,47.0,0.0,0.0
rabi,uttarakhand,udham singh nagar,118904.0,118904.0,0.0,0.0
rabi,uttarakhand,uttar kashi,10668.0,10668.0,0.0,0.0
rabi,west bengal,alipurduar,26993.0,26993.0,0.0,0.0
rabi,west bengal,bankura,50907.0,50907.0,0.0,0.0
rabi,west bengal,barddhaman,149528.0,149528.0,0.0,0.0
rabi,west bengal,birbhum,124217.0,124217.0,0.0,0.0
rabi,west bengal,coochbehar,82827.0,82827.0,0.0,0.0
rabi,west bengal,dakshin dinajpur,24420.0,24420.0,0.0,0.0
rabi,west bengal,darjeeling,9298.0,9298.0,0.0,0.0
rabi,west bengal,dinajpur dakshin,26876.0,26876.0,0.0,0.0
rabi,west bengal,dinajpur uttar,93584.0,93584.0,0.0,0.0
rabi,west bengal,hooghly,65549.0,65549.0,0.0,0.0
rabi,west bengal,howrah,34762.0,34762.0,0.0,0.0
rabi,west bengal,jalpaiguri,29843.0,29843.0,0.0,0.0
rabi,west bengal,jhargram,14576.0,14576.0,0.0,0.0
rabi,west bengal,kalimpong,10550.0,10550.0,0.0,0.0
rabi,west bengal,maldah,103705.0,103705.0,0.0,0.0
rabi,west bengal,medinipur east,137970.0,137970.0,0.0,0.0
rabi,west bengal,medinipur west,191668.0,191668.0,0.0,0.0
rabi,west bengal,murshidabad,127436.0,127436.0,0.0,0.0
rabi,west bengal,nadia,99908.0,99908.0,0.0,0.0
rabi,west bengal,paraganas north,63819.0,63819.0,0.0,0.0
rabi,west bengal,paraganas south,80949.0,80949.0,0.0,0.0
rabi,west bengal,paschim bardhaman,1580.0,1580.0,0.0,0.0
rabi,west bengal,purba bardhaman,3492.0,3492.0,0.0,0.0
rabi,west bengal,purulia,1174.0,1174.0,0.0,0.0
rabi,west bengal,puruliya,270.0,270.0,0.0,0.0
rabi,west bengal,uttar dinajpur,46180.0,46180.0,0.0,0.0
